{
  "type": "FeatureCollection",
  "name": "night-owl-kolkata",
  "generated": "2026-09-18",
  "generator": "tools/generate-locations.mjs",
  "seed": 20260918,
  "license": "ODbL-1.0 (data), MIT (code)",
  "disclaimer": "MIXED-PROVENANCE SAMPLE DATA. Curated seeds name real Kolkata places; synthetic-fill entries are generated from real localities and road names but are NOT real businesses, and no timing here is verified. Coordinates are locality-accurate to a few hundred metres, not to a doorstep. Phone numbers are intentionally absent. Verify independently before relying on any entry - especially at 3 AM.",
  "schema": {
    "id": "string, stable slug, used for deep links (#ph-001)",
    "name": "string, place name",
    "category": "pharmacy | food | fuel | transit",
    "locality": "string, the neighbourhood the entry sits in",
    "address": "string, street-level address (synthetic for generated entries)",
    "source": "curated-seed | synthetic-fill",
    "always": "boolean, true when open 24x7 (open/close omitted)",
    "open": "HH:MM local, opening time",
    "close": "HH:MM local; earlier than open means the window wraps past midnight",
    "closedDays": "array of ints, 0 = Sunday. omitted means all week",
    "hours": "string, human readable hours",
    "phone": "string, optional. Empty throughout this sample - see README",
    "notes": "string, optional night-specific tip",
    "safety": "string, optional, transit points only",
    "tags": "array of strings, extra search keywords",
    "nightGuaranteed": "true when these hours were adjusted by the coverage pass so that this locality is never empty at 03:30",
    "verified": "ISO date of last ground check, or null"
  },
  "counts": {
    "total": 400,
    "localities": 117,
    "pharmacy": 126,
    "food": 128,
    "fuel": 75,
    "transit": 71
  },
  "nightCoverage": {
    "referenceHour": "03:30",
    "openAtReference": 305,
    "localitiesWithAtLeastTwoOpen": 117,
    "localitiesTotal": 117,
    "entriesAdjustedForCoverage": 26
  },
  "features": [
    {
      "type": "Feature",
      "geometry": {
        "type": "Point",
        "coordinates": [
          88.352,
          22.5535
        ]
      },
      "properties": {
        "id": "ph-001",
        "name": "Apollo Pharmacy - Park Street",
        "category": "pharmacy",
        "address": "18B Park Street, beside Park Street Metro Gate 2",
        "always": true,
        "hours": "Open 24 hours",
        "notes": "Night counter is at the rear entrance; card and UPI both work after midnight.",
        "tags": [
          "chemist",
          "medicine",
          "insulin",
          "metro"
        ],
        "verified": null,
        "source": "curated-seed",
        "locality": "Park Street"
      }
    },
    {
      "type": "Feature",
      "geometry": {
        "type": "Point",
        "coordinates": [
          88.432,
          22.5735
        ]
      },
      "properties": {
        "id": "ph-002",
        "name": "Nightingale Chemist & Druggist - Sector V",
        "category": "pharmacy",
        "address": "DN-51, Sector V, Bidhannagar",
        "always": true,
        "hours": "Open 24 hours",
        "notes": "Busiest between 1 AM and 3 AM when the Sector V shifts change.",
        "tags": [
          "chemist",
          "medicine",
          "salt lake",
          "tech park"
        ],
        "verified": null,
        "source": "curated-seed",
        "locality": "Salt Lake Sector V"
      }
    },
    {
      "type": "Feature",
      "geometry": {
        "type": "Point",
        "coordinates": [
          88.351,
          22.5626
        ]
      },
      "properties": {
        "id": "ph-003",
        "name": "Frank Ross Pharmacy - Esplanade",
        "category": "pharmacy",
        "address": "5 Netaji Subhas Road, Esplanade",
        "open": "08:00",
        "close": "23:30",
        "hours": "08:00 - 23:30 daily",
        "notes": "Heritage dispensary, compounds late prescriptions if you ring the bell.",
        "tags": [
          "chemist",
          "esplanade",
          "dalhousie"
        ],
        "verified": null,
        "source": "curated-seed",
        "locality": "Esplanade"
      }
    },
    {
      "type": "Feature",
      "geometry": {
        "type": "Point",
        "coordinates": [
          88.365,
          22.524
        ]
      },
      "properties": {
        "id": "ph-004",
        "name": "Mitra Medical Hall - Ballygunge",
        "category": "pharmacy",
        "address": "62 Ballygunge Circular Road",
        "always": true,
        "hours": "Open 24 hours",
        "notes": "Small counter, big stock. Ring the shutter bell if it looks shut.",
        "tags": [
          "chemist",
          "medicine",
          "ballygunge"
        ],
        "verified": null,
        "source": "curated-seed",
        "locality": "Ballygunge"
      }
    },
    {
      "type": "Feature",
      "geometry": {
        "type": "Point",
        "coordinates": [
          88.465,
          22.587
        ]
      },
      "properties": {
        "id": "ph-005",
        "name": "Wellness Forever - New Town",
        "category": "pharmacy",
        "address": "Action Area I, New Town, near Axis Mall",
        "always": true,
        "hours": "Open 24 hours",
        "notes": "Well-lit forecourt and CCTV; the safest late bet in New Town.",
        "tags": [
          "chemist",
          "medicine",
          "new town",
          "rajarhat"
        ],
        "verified": null,
        "source": "curated-seed",
        "locality": "Rajarhat New Town"
      }
    },
    {
      "type": "Feature",
      "geometry": {
        "type": "Point",
        "coordinates": [
          88.372,
          22.5675
        ]
      },
      "properties": {
        "id": "ph-006",
        "name": "Sealdah Station Chemist",
        "category": "pharmacy",
        "address": "Platform 1 side, Sealdah Station",
        "always": true,
        "hours": "Open 24 hours",
        "notes": "Inside the station complex, so you may need a platform ticket at night.",
        "tags": [
          "chemist",
          "medicine",
          "station",
          "sealdah"
        ],
        "verified": null,
        "source": "curated-seed",
        "locality": "Sealdah"
      }
    },
    {
      "type": "Feature",
      "geometry": {
        "type": "Point",
        "coordinates": [
          88.3425,
          22.5845
        ]
      },
      "properties": {
        "id": "ph-007",
        "name": "Howrah Night Pharmacy",
        "category": "pharmacy",
        "address": "Old Complex, Howrah Station",
        "always": true,
        "hours": "Open 24 hours",
        "notes": "Between the taxi stand and the subway; ask for the night shutter.",
        "tags": [
          "chemist",
          "medicine",
          "station",
          "howrah"
        ],
        "verified": null,
        "source": "curated-seed",
        "locality": "Howrah Station"
      }
    },
    {
      "type": "Feature",
      "geometry": {
        "type": "Point",
        "coordinates": [
          88.318,
          22.499
        ]
      },
      "properties": {
        "id": "ph-008",
        "name": "Behala Chowrasta Chemist",
        "category": "pharmacy",
        "address": "12 Diamond Harbour Road, Behala",
        "open": "07:00",
        "close": "02:00",
        "hours": "07:00 - 02:00 daily",
        "notes": "Last of the southern corridor to shut: 2 AM, then it is Taratala or nothing.",
        "tags": [
          "chemist",
          "medicine",
          "behala",
          "dh road"
        ],
        "verified": null,
        "source": "curated-seed",
        "locality": "Behala Chowrasta"
      }
    },
    {
      "type": "Feature",
      "geometry": {
        "type": "Point",
        "coordinates": [
          88.369,
          22.518
        ]
      },
      "properties": {
        "id": "ph-009",
        "name": "Gariahat 24x7 Medical Store",
        "category": "pharmacy",
        "address": "45A Gariahat Road, near Gariahat crossing",
        "always": true,
        "hours": "Open 24 hours",
        "notes": "Accepts UPI only after 1 AM; keep some change as backup.",
        "tags": [
          "chemist",
          "medicine",
          "gariahat"
        ],
        "verified": null,
        "source": "curated-seed",
        "locality": "Gariahat"
      }
    },
    {
      "type": "Feature",
      "geometry": {
        "type": "Point",
        "coordinates": [
          88.35216,
          22.56459
        ]
      },
      "properties": {
        "name": "SastaSundar Pharmacy - Esplanade",
        "category": "pharmacy",
        "locality": "Esplanade",
        "address": "113, S. N. Banerjee Road, Esplanade",
        "always": true,
        "hours": "Open 24 hours",
        "tags": [
          "esplanade",
          "bentinck street",
          "pharmacy",
          "chemist",
          "medicine",
          "24 hours",
          "night"
        ],
        "notes": "Small shop, surprisingly deep stock. Ring the bell if the shutter is half down.",
        "source": "synthetic-fill",
        "verified": null,
        "id": "ph-010"
      }
    },
    {
      "type": "Feature",
      "geometry": {
        "type": "Point",
        "coordinates": [
          88.3484,
          22.56902
        ]
      },
      "properties": {
        "name": "MedPlus Pharmacy - Dalhousie Square",
        "category": "pharmacy",
        "locality": "Dalhousie Square",
        "address": "109, Netaji Subhas Road, Dalhousie Square",
        "always": true,
        "hours": "Open 24 hours",
        "tags": [
          "dalhousie square",
          "netaji subhas road",
          "pharmacy",
          "chemist",
          "medicine",
          "24 hours",
          "night"
        ],
        "notes": "Dialysis and oxygen suppliers on call - ask at the counter.",
        "source": "synthetic-fill",
        "verified": null,
        "id": "ph-011"
      }
    },
    {
      "type": "Feature",
      "geometry": {
        "type": "Point",
        "coordinates": [
          88.35772,
          22.56755
        ]
      },
      "properties": {
        "name": "Mondal Health Centre - Chandni Chowk",
        "category": "pharmacy",
        "locality": "Chandni Chowk",
        "address": "129A, Rabindra Sarani, Chandni Chowk",
        "always": true,
        "hours": "Open 24 hours",
        "tags": [
          "chandni chowk",
          "rabindra sarani",
          "pharmacy",
          "chemist",
          "medicine",
          "24 hours",
          "night"
        ],
        "notes": "Dialysis and oxygen suppliers on call - ask at the counter.",
        "source": "synthetic-fill",
        "verified": null,
        "id": "ph-012"
      }
    },
    {
      "type": "Feature",
      "geometry": {
        "type": "Point",
        "coordinates": [
          88.35767,
          22.58191
        ]
      },
      "properties": {
        "name": "Sree Saha Pharmacy - Burrabazar",
        "category": "pharmacy",
        "locality": "Burrabazar",
        "address": "90, Canning Street, Burrabazar",
        "open": "07:00",
        "close": "23:30",
        "hours": "07:00 - 23:30 daily",
        "tags": [
          "burrabazar",
          "rabindra sarani",
          "pharmacy",
          "chemist",
          "medicine",
          "24 hours",
          "night"
        ],
        "notes": "Sells single strips and loose tablets, which most night counters will not.",
        "source": "synthetic-fill",
        "verified": null,
        "id": "ph-013"
      }
    },
    {
      "type": "Feature",
      "geometry": {
        "type": "Point",
        "coordinates": [
          88.36209,
          22.56984
        ]
      },
      "properties": {
        "name": "Saha Pharmacy - Bowbazar",
        "category": "pharmacy",
        "locality": "Bowbazar",
        "address": "15/6, College Street, Bowbazar",
        "always": true,
        "hours": "Open 24 hours",
        "tags": [
          "bowbazar",
          "surya sen street",
          "pharmacy",
          "chemist",
          "medicine",
          "24 hours",
          "night"
        ],
        "notes": "Dialysis and oxygen suppliers on call - ask at the counter.",
        "source": "synthetic-fill",
        "verified": null,
        "id": "ph-014"
      }
    },
    {
      "type": "Feature",
      "geometry": {
        "type": "Point",
        "coordinates": [
          88.36025,
          22.57446
        ]
      },
      "properties": {
        "name": "Nirmal Medical - College Street",
        "category": "pharmacy",
        "locality": "College Street",
        "address": "92, Bidhan Sarani, College Street",
        "open": "09:00",
        "close": "01:00",
        "hours": "09:00 - 01:00 daily",
        "tags": [
          "college street",
          "bidhan sarani",
          "pharmacy",
          "chemist",
          "medicine",
          "24 hours",
          "night"
        ],
        "notes": "Small shop, surprisingly deep stock. Ring the bell if the shutter is half down.",
        "source": "synthetic-fill",
        "verified": null,
        "id": "ph-015"
      }
    },
    {
      "type": "Feature",
      "geometry": {
        "type": "Point",
        "coordinates": [
          88.37509,
          22.57008
        ]
      },
      "properties": {
        "name": "Sanjivani Chemist - Sealdah",
        "category": "pharmacy",
        "locality": "Sealdah",
        "address": "80, Sealdah Station Road, Sealdah",
        "always": true,
        "hours": "Open 24 hours",
        "tags": [
          "sealdah",
          "sealdah station road",
          "pharmacy",
          "chemist",
          "medicine",
          "24 hours",
          "night"
        ],
        "notes": "Cold-chain fridge for insulin, with generator backup during load-shedding.",
        "source": "synthetic-fill",
        "verified": null,
        "id": "ph-016"
      }
    },
    {
      "type": "Feature",
      "geometry": {
        "type": "Point",
        "coordinates": [
          88.37524,
          22.56423
        ]
      },
      "properties": {
        "name": "Noble Chemist - Entally",
        "category": "pharmacy",
        "locality": "Entally",
        "address": "9/1, C. I. T. Road, Entally",
        "always": true,
        "hours": "Open 24 hours",
        "tags": [
          "entally",
          "acharya prafulla chandra road",
          "pharmacy",
          "chemist",
          "medicine",
          "24 hours",
          "night"
        ],
        "notes": "Keeps insulin and cardiac stock behind the counter - ask directly.",
        "source": "synthetic-fill",
        "verified": null,
        "id": "ph-017"
      }
    },
    {
      "type": "Feature",
      "geometry": {
        "type": "Point",
        "coordinates": [
          88.36126,
          22.55423
        ]
      },
      "properties": {
        "name": "Dutta Medical Stores - Taltala",
        "category": "pharmacy",
        "locality": "Taltala",
        "address": "16, A. J. C. Bose Road, Taltala",
        "hours": "Open 24 hours",
        "tags": [
          "taltala",
          "simla street",
          "pharmacy",
          "chemist",
          "medicine",
          "24 hours",
          "night"
        ],
        "notes": "A/C waiting area, and the staff will call a cab for you at closing time.",
        "source": "synthetic-fill",
        "verified": null,
        "id": "ph-018",
        "always": true,
        "nightGuaranteed": true
      }
    },
    {
      "type": "Feature",
      "geometry": {
        "type": "Point",
        "coordinates": [
          88.34999,
          22.55555
        ]
      },
      "properties": {
        "name": "Pal Medical Hall - Park Street",
        "category": "pharmacy",
        "locality": "Park Street",
        "address": "40/3, Park Street, Park Street",
        "always": true,
        "hours": "Open 24 hours",
        "tags": [
          "park street",
          "middleton street",
          "pharmacy",
          "chemist",
          "medicine",
          "24 hours",
          "night"
        ],
        "notes": "Free first-aid and BP check through the night.",
        "source": "synthetic-fill",
        "verified": null,
        "id": "ph-019"
      }
    },
    {
      "type": "Feature",
      "geometry": {
        "type": "Point",
        "coordinates": [
          88.35511,
          22.55685
        ]
      },
      "properties": {
        "name": "Sree Nandi Pharmacy - New Market",
        "category": "pharmacy",
        "locality": "New Market",
        "address": "67, Lindsay Street, New Market",
        "open": "08:00",
        "close": "02:30",
        "hours": "08:00 - 02:30 daily",
        "tags": [
          "new market",
          "lindsay street",
          "pharmacy",
          "chemist",
          "medicine",
          "24 hours",
          "night"
        ],
        "notes": "Keeps insulin and cardiac stock behind the counter - ask directly.",
        "source": "synthetic-fill",
        "verified": null,
        "id": "ph-020"
      }
    },
    {
      "type": "Feature",
      "geometry": {
        "type": "Point",
        "coordinates": [
          88.3689,
          22.53853
        ]
      },
      "properties": {
        "name": "Ganguly Medi Point - Park Circus",
        "category": "pharmacy",
        "locality": "Park Circus",
        "address": "149, Syed Amir Ali Avenue, Park Circus",
        "always": true,
        "hours": "Open 24 hours",
        "tags": [
          "park circus",
          "a. j. c. bose road",
          "pharmacy",
          "chemist",
          "medicine",
          "24 hours",
          "night"
        ],
        "notes": "Small shop, surprisingly deep stock. Ring the bell if the shutter is half down.",
        "source": "synthetic-fill",
        "verified": null,
        "id": "ph-021"
      }
    },
    {
      "type": "Feature",
      "geometry": {
        "type": "Point",
        "coordinates": [
          88.35704,
          22.5476
        ]
      },
      "properties": {
        "name": "SastaSundar Pharmacy - Minto Park",
        "category": "pharmacy",
        "locality": "Minto Park",
        "address": "3A, Elgin Road, Minto Park",
        "always": true,
        "hours": "Open 24 hours",
        "tags": [
          "minto park",
          "elgin road",
          "pharmacy",
          "chemist",
          "medicine",
          "24 hours",
          "night"
        ],
        "notes": "Night shutter on the Elgin Road side; UPI works after 1 AM.",
        "source": "synthetic-fill",
        "verified": null,
        "id": "ph-022"
      }
    },
    {
      "type": "Feature",
      "geometry": {
        "type": "Point",
        "coordinates": [
          88.34991,
          22.53699
        ]
      },
      "properties": {
        "name": "MedPlus Pharmacy - Bhowanipore",
        "category": "pharmacy",
        "locality": "Bhowanipore",
        "address": "135, Sarat Bose Road, Bhowanipore",
        "hours": "Open 24 hours",
        "tags": [
          "bhowanipore",
          "hazra road",
          "pharmacy",
          "chemist",
          "medicine",
          "24 hours",
          "night"
        ],
        "notes": "Keeps insulin and cardiac stock behind the counter - ask directly.",
        "source": "synthetic-fill",
        "verified": null,
        "id": "ph-023",
        "always": true,
        "nightGuaranteed": true
      }
    },
    {
      "type": "Feature",
      "geometry": {
        "type": "Point",
        "coordinates": [
          88.34052,
          22.51761
        ]
      },
      "properties": {
        "name": "Noble Chemist - Kalighat",
        "category": "pharmacy",
        "locality": "Kalighat",
        "address": "160A, Kali Temple Road, Kalighat",
        "open": "07:00",
        "close": "23:30",
        "hours": "07:00 - 23:30 daily",
        "tags": [
          "kalighat",
          "hazra road",
          "pharmacy",
          "chemist",
          "medicine",
          "24 hours",
          "night"
        ],
        "notes": "A/C waiting area, and the staff will call a cab for you at closing time.",
        "source": "synthetic-fill",
        "verified": null,
        "id": "ph-024"
      }
    },
    {
      "type": "Feature",
      "geometry": {
        "type": "Point",
        "coordinates": [
          88.33076,
          22.53472
        ]
      },
      "properties": {
        "name": "Wellness Forever - Alipore",
        "category": "pharmacy",
        "locality": "Alipore",
        "address": "39A, Belvedere Road, Alipore",
        "open": "09:00",
        "close": "01:00",
        "hours": "09:00 - 01:00 daily",
        "tags": [
          "alipore",
          "judge's court road",
          "pharmacy",
          "chemist",
          "medicine",
          "24 hours",
          "night"
        ],
        "notes": "A/C waiting area, and the staff will call a cab for you at closing time.",
        "source": "synthetic-fill",
        "verified": null,
        "id": "ph-025"
      }
    },
    {
      "type": "Feature",
      "geometry": {
        "type": "Point",
        "coordinates": [
          88.34493,
          22.49873
        ]
      },
      "properties": {
        "name": "Jan Aushadhi Kendra - Tollygunge",
        "category": "pharmacy",
        "locality": "Tollygunge",
        "address": "8A, N. S. C. Bose Road, Tollygunge",
        "always": true,
        "hours": "Open 24 hours",
        "tags": [
          "tollygunge",
          "deshapran sashmal road",
          "pharmacy",
          "chemist",
          "medicine",
          "24 hours",
          "night"
        ],
        "notes": "Sells single strips and loose tablets, which most night counters will not.",
        "source": "synthetic-fill",
        "verified": null,
        "id": "ph-026"
      }
    },
    {
      "type": "Feature",
      "geometry": {
        "type": "Point",
        "coordinates": [
          88.34102,
          22.55736
        ]
      },
      "properties": {
        "name": "Wellness Forever - Maidan",
        "category": "pharmacy",
        "locality": "Maidan",
        "address": "86A, Mayo Road, Maidan",
        "always": true,
        "hours": "Open 24 hours",
        "tags": [
          "maidan",
          "cathedral road",
          "pharmacy",
          "chemist",
          "medicine",
          "24 hours",
          "night"
        ],
        "notes": "Dialysis and oxygen suppliers on call - ask at the counter.",
        "source": "synthetic-fill",
        "verified": null,
        "id": "ph-027"
      }
    },
    {
      "type": "Feature",
      "geometry": {
        "type": "Point",
        "coordinates": [
          88.34827,
          22.5413
        ]
      },
      "properties": {
        "name": "MedPlus Pharmacy - Rabindra Sadan",
        "category": "pharmacy",
        "locality": "Rabindra Sadan",
        "address": "131, Maidan Row, Rabindra Sadan",
        "always": true,
        "hours": "Open 24 hours",
        "tags": [
          "rabindra sadan",
          "a. j. c. bose road",
          "pharmacy",
          "chemist",
          "medicine",
          "24 hours",
          "night"
        ],
        "notes": "Free first-aid and BP check through the night.",
        "source": "synthetic-fill",
        "verified": null,
        "id": "ph-028"
      }
    },
    {
      "type": "Feature",
      "geometry": {
        "type": "Point",
        "coordinates": [
          88.35184,
          22.5111
        ]
      },
      "properties": {
        "name": "Sarkar Medical Hall - Rashbehari",
        "category": "pharmacy",
        "locality": "Rashbehari",
        "address": "4/6, Rashbehari Avenue, Rashbehari",
        "always": true,
        "hours": "Open 24 hours",
        "tags": [
          "rashbehari",
          "rashbehari avenue",
          "pharmacy",
          "chemist",
          "medicine",
          "24 hours",
          "night"
        ],
        "notes": "Night shutter on the Rashbehari Avenue side; UPI works after 1 AM.",
        "source": "synthetic-fill",
        "verified": null,
        "id": "ph-029"
      }
    },
    {
      "type": "Feature",
      "geometry": {
        "type": "Point",
        "coordinates": [
          88.36291,
          22.52627
        ]
      },
      "properties": {
        "name": "Apollo Pharmacy - Ballygunge",
        "category": "pharmacy",
        "locality": "Ballygunge",
        "address": "20/2, Ballygunge Circular Road, Ballygunge",
        "open": "07:00",
        "close": "23:30",
        "hours": "07:00 - 23:30 daily",
        "tags": [
          "ballygunge",
          "ballygunge place",
          "pharmacy",
          "chemist",
          "medicine",
          "24 hours",
          "night"
        ],
        "notes": "Dialysis and oxygen suppliers on call - ask at the counter.",
        "source": "synthetic-fill",
        "verified": null,
        "id": "ph-030"
      }
    },
    {
      "type": "Feature",
      "geometry": {
        "type": "Point",
        "coordinates": [
          88.36905,
          22.52053
        ]
      },
      "properties": {
        "name": "Pramanik Medicine Corner - Gariahat",
        "category": "pharmacy",
        "locality": "Gariahat",
        "address": "98C, Rashbehari Avenue, Gariahat",
        "always": true,
        "hours": "Open 24 hours",
        "tags": [
          "gariahat",
          "rashbehari avenue",
          "pharmacy",
          "chemist",
          "medicine",
          "24 hours",
          "night"
        ],
        "notes": "Free first-aid and BP check through the night.",
        "source": "synthetic-fill",
        "verified": null,
        "id": "ph-031"
      }
    },
    {
      "type": "Feature",
      "geometry": {
        "type": "Point",
        "coordinates": [
          88.36806,
          22.51061
        ]
      },
      "properties": {
        "name": "Pramanik Pharmacy - Golpark",
        "category": "pharmacy",
        "locality": "Golpark",
        "address": "159, Gariahat Road, Golpark",
        "always": true,
        "hours": "Open 24 hours",
        "tags": [
          "golpark",
          "dhaka road",
          "pharmacy",
          "chemist",
          "medicine",
          "24 hours",
          "night"
        ],
        "notes": "Free first-aid and BP check through the night.",
        "source": "synthetic-fill",
        "verified": null,
        "id": "ph-032"
      }
    },
    {
      "type": "Feature",
      "geometry": {
        "type": "Point",
        "coordinates": [
          88.3706,
          22.51019
        ]
      },
      "properties": {
        "name": "Sanjivani Chemist - Dhakuria",
        "category": "pharmacy",
        "locality": "Dhakuria",
        "address": "106, Rammohan Roy Road, Dhakuria",
        "hours": "Open 24 hours",
        "tags": [
          "dhakuria",
          "dhakuria bridge road",
          "pharmacy",
          "chemist",
          "medicine",
          "24 hours",
          "night"
        ],
        "notes": "Dialysis and oxygen suppliers on call - ask at the counter.",
        "source": "synthetic-fill",
        "verified": null,
        "id": "ph-033",
        "always": true,
        "nightGuaranteed": true
      }
    },
    {
      "type": "Feature",
      "geometry": {
        "type": "Point",
        "coordinates": [
          88.36921,
          22.49905
        ]
      },
      "properties": {
        "name": "Wellness Forever - Jadavpur",
        "category": "pharmacy",
        "locality": "Jadavpur",
        "address": "8, Raja S. C. Mallick Road, Jadavpur",
        "hours": "Open 24 hours",
        "tags": [
          "jadavpur",
          "raja s. c. mallick road",
          "pharmacy",
          "chemist",
          "medicine",
          "24 hours",
          "night"
        ],
        "notes": "Keeps insulin and cardiac stock behind the counter - ask directly.",
        "source": "synthetic-fill",
        "verified": null,
        "id": "ph-034",
        "always": true,
        "nightGuaranteed": true
      }
    },
    {
      "type": "Feature",
      "geometry": {
        "type": "Point",
        "coordinates": [
          88.36098,
          22.5083
        ]
      },
      "properties": {
        "name": "Guha Pharmacy - Jodhpur Park",
        "category": "pharmacy",
        "locality": "Jodhpur Park",
        "address": "102, Lake View Road, Jodhpur Park",
        "always": true,
        "hours": "Open 24 hours",
        "tags": [
          "jodhpur park",
          "jodhpur park road",
          "pharmacy",
          "chemist",
          "medicine",
          "24 hours",
          "night"
        ],
        "notes": "Night shutter on the Jodhpur Park Road side; UPI works after 1 AM.",
        "source": "synthetic-fill",
        "verified": null,
        "id": "ph-035"
      }
    },
    {
      "type": "Feature",
      "geometry": {
        "type": "Point",
        "coordinates": [
          88.32111,
          22.54237
        ]
      },
      "properties": {
        "name": "Suraksha Pharmacy - Kidderpore",
        "category": "pharmacy",
        "locality": "Kidderpore",
        "address": "141, Diamond Harbour Road, Kidderpore",
        "always": true,
        "hours": "Open 24 hours",
        "tags": [
          "kidderpore",
          "mominpore road",
          "pharmacy",
          "chemist",
          "medicine",
          "24 hours",
          "night"
        ],
        "notes": "Night shutter on the Mominpore Road side; UPI works after 1 AM.",
        "source": "synthetic-fill",
        "verified": null,
        "id": "ph-036"
      }
    },
    {
      "type": "Feature",
      "geometry": {
        "type": "Point",
        "coordinates": [
          88.32656,
          22.5458
        ]
      },
      "properties": {
        "name": "Sanjivani Chemist - Watgunge",
        "category": "pharmacy",
        "locality": "Watgunge",
        "address": "51, Diamond Harbour Road, Watgunge",
        "always": true,
        "hours": "Open 24 hours",
        "tags": [
          "watgunge",
          "k. b. sarani",
          "pharmacy",
          "chemist",
          "medicine",
          "24 hours",
          "night"
        ],
        "notes": "A/C waiting area, and the staff will call a cab for you at closing time.",
        "source": "synthetic-fill",
        "verified": null,
        "id": "ph-037"
      }
    },
    {
      "type": "Feature",
      "geometry": {
        "type": "Point",
        "coordinates": [
          88.32876,
          22.55121
        ]
      },
      "properties": {
        "name": "MedPlus Pharmacy - Hastings",
        "category": "pharmacy",
        "locality": "Hastings",
        "address": "28, Strand Road, Hastings",
        "always": true,
        "hours": "Open 24 hours",
        "tags": [
          "hastings",
          "k. b. sarani",
          "pharmacy",
          "chemist",
          "medicine",
          "24 hours",
          "night"
        ],
        "notes": "Sells single strips and loose tablets, which most night counters will not.",
        "source": "synthetic-fill",
        "verified": null,
        "id": "ph-038"
      }
    },
    {
      "type": "Feature",
      "geometry": {
        "type": "Point",
        "coordinates": [
          88.33771,
          22.55891
        ]
      },
      "properties": {
        "name": "MedPlus Pharmacy - Babughat",
        "category": "pharmacy",
        "locality": "Babughat",
        "address": "57, Mayo Road, Babughat",
        "always": true,
        "hours": "Open 24 hours",
        "tags": [
          "babughat",
          "mayo road",
          "pharmacy",
          "chemist",
          "medicine",
          "24 hours",
          "night"
        ],
        "notes": "Cold-chain fridge for insulin, with generator backup during load-shedding.",
        "source": "synthetic-fill",
        "verified": null,
        "id": "ph-039"
      }
    },
    {
      "type": "Feature",
      "geometry": {
        "type": "Point",
        "coordinates": [
          88.33632,
          22.55703
        ]
      },
      "properties": {
        "name": "Sengupta Medical Hall - Princep Ghat",
        "category": "pharmacy",
        "locality": "Princep Ghat",
        "address": "135, Strand Road, Princep Ghat",
        "always": true,
        "hours": "Open 24 hours",
        "tags": [
          "princep ghat",
          "strand road",
          "pharmacy",
          "chemist",
          "medicine",
          "24 hours",
          "night"
        ],
        "notes": "Keeps insulin and cardiac stock behind the counter - ask directly.",
        "source": "synthetic-fill",
        "verified": null,
        "id": "ph-040"
      }
    },
    {
      "type": "Feature",
      "geometry": {
        "type": "Point",
        "coordinates": [
          88.28644,
          22.51926
        ]
      },
      "properties": {
        "name": "Medicine Shoppe - Metiabruz",
        "category": "pharmacy",
        "locality": "Metiabruz",
        "address": "3/7, Metiabruz Road, Metiabruz",
        "always": true,
        "hours": "Open 24 hours",
        "tags": [
          "metiabruz",
          "garden reach road",
          "pharmacy",
          "chemist",
          "medicine",
          "24 hours",
          "night"
        ],
        "notes": "A/C waiting area, and the staff will call a cab for you at closing time.",
        "source": "synthetic-fill",
        "verified": null,
        "id": "ph-041"
      }
    },
    {
      "type": "Feature",
      "geometry": {
        "type": "Point",
        "coordinates": [
          88.30247,
          22.54323
        ]
      },
      "properties": {
        "name": "Medicine Shoppe - Garden Reach",
        "category": "pharmacy",
        "locality": "Garden Reach",
        "address": "81A, Garden Reach Road, Garden Reach",
        "open": "08:00",
        "close": "04:00",
        "hours": "08:00 - 04:00 daily",
        "tags": [
          "garden reach",
          "paharpur road",
          "pharmacy",
          "chemist",
          "medicine",
          "24 hours",
          "night"
        ],
        "notes": "A/C waiting area, and the staff will call a cab for you at closing time.",
        "source": "synthetic-fill",
        "verified": null,
        "id": "ph-042"
      }
    },
    {
      "type": "Feature",
      "geometry": {
        "type": "Point",
        "coordinates": [
          88.31277,
          22.50637
        ]
      },
      "properties": {
        "name": "Nandi Medical Hall - Taratala",
        "category": "pharmacy",
        "locality": "Taratala",
        "address": "32/3, M. G. Road, Taratala",
        "always": true,
        "hours": "Open 24 hours",
        "tags": [
          "taratala",
          "taratala road",
          "pharmacy",
          "chemist",
          "medicine",
          "24 hours",
          "night"
        ],
        "notes": "Free first-aid and BP check through the night.",
        "source": "synthetic-fill",
        "verified": null,
        "id": "ph-043"
      }
    },
    {
      "type": "Feature",
      "geometry": {
        "type": "Point",
        "coordinates": [
          88.3123,
          22.49832
        ]
      },
      "properties": {
        "name": "Sanjivani Chemist - Behala Chowrasta",
        "category": "pharmacy",
        "locality": "Behala Chowrasta",
        "address": "93, Behala Chowrasta Road, Behala Chowrasta",
        "always": true,
        "hours": "Open 24 hours",
        "tags": [
          "behala chowrasta",
          "diamond harbour road",
          "pharmacy",
          "chemist",
          "medicine",
          "24 hours",
          "night"
        ],
        "notes": "Keeps insulin and cardiac stock behind the counter - ask directly.",
        "source": "synthetic-fill",
        "verified": null,
        "id": "ph-044"
      }
    },
    {
      "type": "Feature",
      "geometry": {
        "type": "Point",
        "coordinates": [
          88.30248,
          22.49534
        ]
      },
      "properties": {
        "name": "Sanjivani Chemist - Sakherbazar",
        "category": "pharmacy",
        "locality": "Sakherbazar",
        "address": "27, Sakherbazar Road, Sakherbazar",
        "hours": "Open 24 hours",
        "tags": [
          "sakherbazar",
          "diamond harbour road",
          "pharmacy",
          "chemist",
          "medicine",
          "24 hours",
          "night"
        ],
        "notes": "Cold-chain fridge for insulin, with generator backup during load-shedding.",
        "source": "synthetic-fill",
        "verified": null,
        "id": "ph-045",
        "always": true,
        "nightGuaranteed": true
      }
    },
    {
      "type": "Feature",
      "geometry": {
        "type": "Point",
        "coordinates": [
          88.29916,
          22.48478
        ]
      },
      "properties": {
        "name": "Haldar Health Centre - Thakurpukur",
        "category": "pharmacy",
        "locality": "Thakurpukur",
        "address": "5, Diamond Harbour Road, Thakurpukur",
        "always": true,
        "hours": "Open 24 hours",
        "tags": [
          "thakurpukur",
          "thakurpukur bazar road",
          "pharmacy",
          "chemist",
          "medicine",
          "24 hours",
          "night"
        ],
        "notes": "Free first-aid and BP check through the night.",
        "source": "synthetic-fill",
        "verified": null,
        "id": "ph-046"
      }
    },
    {
      "type": "Feature",
      "geometry": {
        "type": "Point",
        "coordinates": [
          88.30197,
          22.50394
        ]
      },
      "properties": {
        "name": "Medicine Shoppe - Parnasree",
        "category": "pharmacy",
        "locality": "Parnasree",
        "address": "17, Diamond Harbour Road, Parnasree",
        "hours": "Open 24 hours",
        "tags": [
          "parnasree",
          "behala station road",
          "pharmacy",
          "chemist",
          "medicine",
          "24 hours",
          "night"
        ],
        "notes": "Dialysis and oxygen suppliers on call - ask at the counter.",
        "source": "synthetic-fill",
        "verified": null,
        "id": "ph-047",
        "always": true,
        "nightGuaranteed": true
      }
    },
    {
      "type": "Feature",
      "geometry": {
        "type": "Point",
        "coordinates": [
          88.29469,
          22.48708
        ]
      },
      "properties": {
        "name": "New Sen Pharmacy - Sarsuna",
        "category": "pharmacy",
        "locality": "Sarsuna",
        "address": "38/5, Diamond Harbour Road, Sarsuna",
        "always": true,
        "hours": "Open 24 hours",
        "tags": [
          "sarsuna",
          "sarsuna main road",
          "pharmacy",
          "chemist",
          "medicine",
          "24 hours",
          "night"
        ],
        "notes": "Cold-chain fridge for insulin, with generator backup during load-shedding.",
        "source": "synthetic-fill",
        "verified": null,
        "id": "ph-048"
      }
    },
    {
      "type": "Feature",
      "geometry": {
        "type": "Point",
        "coordinates": [
          88.33521,
          22.4914
        ]
      },
      "properties": {
        "name": "Haldar Pharmacy - Haridevpur",
        "category": "pharmacy",
        "locality": "Haridevpur",
        "address": "165C, Haridevpur Road, Haridevpur",
        "open": "07:00",
        "close": "23:30",
        "hours": "07:00 - 23:30 daily",
        "tags": [
          "haridevpur",
          "haridevpur road",
          "pharmacy",
          "chemist",
          "medicine",
          "24 hours",
          "night"
        ],
        "notes": "Dialysis and oxygen suppliers on call - ask at the counter.",
        "source": "synthetic-fill",
        "verified": null,
        "id": "ph-049"
      }
    },
    {
      "type": "Feature",
      "geometry": {
        "type": "Point",
        "coordinates": [
          88.35724,
          22.4914
        ]
      },
      "properties": {
        "name": "Banerjee Medi Point - Naktala",
        "category": "pharmacy",
        "locality": "Naktala",
        "address": "27/7, N. S. C. Bose Road, Naktala",
        "always": true,
        "hours": "Open 24 hours",
        "tags": [
          "naktala",
          "bansdroni road",
          "pharmacy",
          "chemist",
          "medicine",
          "24 hours",
          "night"
        ],
        "notes": "Dialysis and oxygen suppliers on call - ask at the counter.",
        "source": "synthetic-fill",
        "verified": null,
        "id": "ph-050"
      }
    },
    {
      "type": "Feature",
      "geometry": {
        "type": "Point",
        "coordinates": [
          88.36337,
          22.48894
        ]
      },
      "properties": {
        "name": "Haldar Chemist & Druggist - Bansdroni",
        "category": "pharmacy",
        "locality": "Bansdroni",
        "address": "24/6, Bansdroni Road, Bansdroni",
        "always": true,
        "hours": "Open 24 hours",
        "tags": [
          "bansdroni",
          "n. s. c. bose road",
          "pharmacy",
          "chemist",
          "medicine",
          "24 hours",
          "night"
        ],
        "notes": "A/C waiting area, and the staff will call a cab for you at closing time.",
        "source": "synthetic-fill",
        "verified": null,
        "id": "ph-051"
      }
    },
    {
      "type": "Feature",
      "geometry": {
        "type": "Point",
        "coordinates": [
          88.37421,
          22.46745
        ]
      },
      "properties": {
        "name": "Sree Guha Pharmacy - Garia",
        "category": "pharmacy",
        "locality": "Garia",
        "address": "27/5, Garia Main Road, Garia",
        "always": true,
        "hours": "Open 24 hours",
        "tags": [
          "garia",
          "n. s. c. bose road",
          "pharmacy",
          "chemist",
          "medicine",
          "24 hours",
          "night"
        ],
        "notes": "Night shutter on the N. S. C. Bose Road side; UPI works after 1 AM.",
        "source": "synthetic-fill",
        "verified": null,
        "id": "ph-052"
      }
    },
    {
      "type": "Feature",
      "geometry": {
        "type": "Point",
        "coordinates": [
          88.3956,
          22.47515
        ]
      },
      "properties": {
        "name": "Suraksha Pharmacy - New Garia",
        "category": "pharmacy",
        "locality": "New Garia",
        "address": "15/9, N. S. C. Bose Road, New Garia",
        "hours": "Open 24 hours",
        "tags": [
          "new garia",
          "n. s. c. bose road",
          "pharmacy",
          "chemist",
          "medicine",
          "24 hours",
          "night"
        ],
        "notes": "Night shutter on the N. S. C. Bose Road side; UPI works after 1 AM.",
        "source": "synthetic-fill",
        "verified": null,
        "id": "ph-053",
        "always": true,
        "nightGuaranteed": true
      }
    },
    {
      "type": "Feature",
      "geometry": {
        "type": "Point",
        "coordinates": [
          88.39081,
          22.47648
        ]
      },
      "properties": {
        "name": "Jan Aushadhi Kendra - Patuli",
        "category": "pharmacy",
        "locality": "Patuli",
        "address": "95, Baishnabghata Road, Patuli",
        "hours": "Open 24 hours",
        "tags": [
          "patuli",
          "patuli main road",
          "pharmacy",
          "chemist",
          "medicine",
          "24 hours",
          "night"
        ],
        "notes": "Keeps insulin and cardiac stock behind the counter - ask directly.",
        "source": "synthetic-fill",
        "verified": null,
        "id": "ph-054",
        "always": true,
        "nightGuaranteed": true
      }
    },
    {
      "type": "Feature",
      "geometry": {
        "type": "Point",
        "coordinates": [
          88.37967,
          22.47887
        ]
      },
      "properties": {
        "name": "Jan Aushadhi Kendra - Baghajatin",
        "category": "pharmacy",
        "locality": "Baghajatin",
        "address": "21/5, Raja S. C. Mallick Road, Baghajatin",
        "always": true,
        "hours": "Open 24 hours",
        "tags": [
          "baghajatin",
          "baghajatin road",
          "pharmacy",
          "chemist",
          "medicine",
          "24 hours",
          "night"
        ],
        "notes": "Dialysis and oxygen suppliers on call - ask at the counter.",
        "source": "synthetic-fill",
        "verified": null,
        "id": "ph-055"
      }
    },
    {
      "type": "Feature",
      "geometry": {
        "type": "Point",
        "coordinates": [
          88.39203,
          22.48631
        ]
      },
      "properties": {
        "name": "Noble Chemist - Bikramgarh",
        "category": "pharmacy",
        "locality": "Bikramgarh",
        "address": "36/4, Bikramgarh Road, Bikramgarh",
        "hours": "Open 24 hours",
        "tags": [
          "bikramgarh",
          "baghajatin road",
          "pharmacy",
          "chemist",
          "medicine",
          "24 hours",
          "night"
        ],
        "notes": "A/C waiting area, and the staff will call a cab for you at closing time.",
        "source": "synthetic-fill",
        "verified": null,
        "id": "ph-056",
        "always": true,
        "nightGuaranteed": true
      }
    },
    {
      "type": "Feature",
      "geometry": {
        "type": "Point",
        "coordinates": [
          88.38689,
          22.48977
        ]
      },
      "properties": {
        "name": "Chanda Medical Stores - Santoshpur",
        "category": "pharmacy",
        "locality": "Santoshpur",
        "address": "49, Santoshpur Main Road, Santoshpur",
        "open": "07:00",
        "close": "23:30",
        "hours": "07:00 - 23:30 daily",
        "tags": [
          "santoshpur",
          "santoshpur main road",
          "pharmacy",
          "chemist",
          "medicine",
          "24 hours",
          "night"
        ],
        "notes": "Dialysis and oxygen suppliers on call - ask at the counter.",
        "source": "synthetic-fill",
        "verified": null,
        "id": "ph-057"
      }
    },
    {
      "type": "Feature",
      "geometry": {
        "type": "Point",
        "coordinates": [
          88.39625,
          22.49924
        ]
      },
      "properties": {
        "name": "MedPlus Pharmacy - Mukundapur",
        "category": "pharmacy",
        "locality": "Mukundapur",
        "address": "27, Nayabad Road, Mukundapur",
        "always": true,
        "hours": "Open 24 hours",
        "tags": [
          "mukundapur",
          "nayabad road",
          "pharmacy",
          "chemist",
          "medicine",
          "24 hours",
          "night"
        ],
        "notes": "Night shutter on the Nayabad Road side; UPI works after 1 AM.",
        "source": "synthetic-fill",
        "verified": null,
        "id": "ph-058"
      }
    },
    {
      "type": "Feature",
      "geometry": {
        "type": "Point",
        "coordinates": [
          88.39907,
          22.50826
        ]
      },
      "properties": {
        "name": "Sree Ghosh Pharmacy - Anandapur",
        "category": "pharmacy",
        "locality": "Anandapur",
        "address": "34/7, E. M. Bypass, Anandapur",
        "always": true,
        "hours": "Open 24 hours",
        "tags": [
          "anandapur",
          "anandapur main road",
          "pharmacy",
          "chemist",
          "medicine",
          "24 hours",
          "night"
        ],
        "notes": "Sells single strips and loose tablets, which most night counters will not.",
        "source": "synthetic-fill",
        "verified": null,
        "id": "ph-059"
      }
    },
    {
      "type": "Feature",
      "geometry": {
        "type": "Point",
        "coordinates": [
          88.40178,
          22.54041
        ]
      },
      "properties": {
        "name": "Talukdar Medi Point - Science City",
        "category": "pharmacy",
        "locality": "Science City",
        "address": "22/2, E. M. Bypass, Science City",
        "always": true,
        "hours": "Open 24 hours",
        "tags": [
          "science city",
          "e. m. bypass",
          "pharmacy",
          "chemist",
          "medicine",
          "24 hours",
          "night"
        ],
        "notes": "Keeps insulin and cardiac stock behind the counter - ask directly.",
        "source": "synthetic-fill",
        "verified": null,
        "id": "ph-060"
      }
    },
    {
      "type": "Feature",
      "geometry": {
        "type": "Point",
        "coordinates": [
          88.39314,
          22.49492
        ]
      },
      "properties": {
        "name": "Jan Aushadhi Kendra - Barakhola",
        "category": "pharmacy",
        "locality": "Barakhola",
        "address": "110B, E. M. Bypass, Barakhola",
        "always": true,
        "hours": "Open 24 hours",
        "tags": [
          "barakhola",
          "santoshpur road",
          "pharmacy",
          "chemist",
          "medicine",
          "24 hours",
          "night"
        ],
        "notes": "Sells single strips and loose tablets, which most night counters will not.",
        "source": "synthetic-fill",
        "verified": null,
        "id": "ph-061"
      }
    },
    {
      "type": "Feature",
      "geometry": {
        "type": "Point",
        "coordinates": [
          88.41144,
          22.49626
        ]
      },
      "properties": {
        "name": "Sree Sengupta Pharmacy - Kalikapur",
        "category": "pharmacy",
        "locality": "Kalikapur",
        "address": "103, Kalikapur Road, Kalikapur",
        "hours": "Open 24 hours",
        "tags": [
          "kalikapur",
          "kustia road",
          "pharmacy",
          "chemist",
          "medicine",
          "24 hours",
          "night"
        ],
        "notes": "Sells single strips and loose tablets, which most night counters will not.",
        "source": "synthetic-fill",
        "verified": null,
        "id": "ph-062",
        "always": true,
        "nightGuaranteed": true
      }
    },
    {
      "type": "Feature",
      "geometry": {
        "type": "Point",
        "coordinates": [
          88.41432,
          22.48038
        ]
      },
      "properties": {
        "name": "Mukherjee Health Centre - Panchasayar",
        "category": "pharmacy",
        "locality": "Panchasayar",
        "address": "120, Nayabad Road, Panchasayar",
        "always": true,
        "hours": "Open 24 hours",
        "tags": [
          "panchasayar",
          "sector b road",
          "pharmacy",
          "chemist",
          "medicine",
          "24 hours",
          "night"
        ],
        "notes": "Keeps insulin and cardiac stock behind the counter - ask directly.",
        "source": "synthetic-fill",
        "verified": null,
        "id": "ph-063"
      }
    },
    {
      "type": "Feature",
      "geometry": {
        "type": "Point",
        "coordinates": [
          88.42329,
          22.48724
        ]
      },
      "properties": {
        "name": "Suraksha Pharmacy - Nayabad",
        "category": "pharmacy",
        "locality": "Nayabad",
        "address": "170, Panchasayar Road, Nayabad",
        "always": true,
        "hours": "Open 24 hours",
        "tags": [
          "nayabad",
          "nayabad main road",
          "pharmacy",
          "chemist",
          "medicine",
          "24 hours",
          "night"
        ],
        "notes": "Dialysis and oxygen suppliers on call - ask at the counter.",
        "source": "synthetic-fill",
        "verified": null,
        "id": "ph-064"
      }
    },
    {
      "type": "Feature",
      "geometry": {
        "type": "Point",
        "coordinates": [
          88.39066,
          22.51486
        ]
      },
      "properties": {
        "name": "Medicine Shoppe - Kasba",
        "category": "pharmacy",
        "locality": "Kasba",
        "address": "89, Rashbehari Connector, Kasba",
        "hours": "Open 24 hours",
        "tags": [
          "kasba",
          "rashbehari connector",
          "pharmacy",
          "chemist",
          "medicine",
          "24 hours",
          "night"
        ],
        "notes": "Sells single strips and loose tablets, which most night counters will not.",
        "source": "synthetic-fill",
        "verified": null,
        "id": "ph-065",
        "always": true,
        "nightGuaranteed": true
      }
    },
    {
      "type": "Feature",
      "geometry": {
        "type": "Point",
        "coordinates": [
          88.3847,
          22.53979
        ]
      },
      "properties": {
        "name": "Kundu Pharmacy - Topsia",
        "category": "pharmacy",
        "locality": "Topsia",
        "address": "137, Bhagat Singh Road, Topsia",
        "always": true,
        "hours": "Open 24 hours",
        "tags": [
          "topsia",
          "bhagat singh road",
          "pharmacy",
          "chemist",
          "medicine",
          "24 hours",
          "night"
        ],
        "notes": "A/C waiting area, and the staff will call a cab for you at closing time.",
        "source": "synthetic-fill",
        "verified": null,
        "id": "ph-066"
      }
    },
    {
      "type": "Feature",
      "geometry": {
        "type": "Point",
        "coordinates": [
          88.3882,
          22.54795
        ]
      },
      "properties": {
        "name": "Netmeds Store - Tangra",
        "category": "pharmacy",
        "locality": "Tangra",
        "address": "84, Beliaghata Main Road, Tangra",
        "always": true,
        "hours": "Open 24 hours",
        "tags": [
          "tangra",
          "tangra road",
          "pharmacy",
          "chemist",
          "medicine",
          "24 hours",
          "night"
        ],
        "notes": "Free first-aid and BP check through the night.",
        "source": "synthetic-fill",
        "verified": null,
        "id": "ph-067"
      }
    },
    {
      "type": "Feature",
      "geometry": {
        "type": "Point",
        "coordinates": [
          88.39816,
          22.5686
        ]
      },
      "properties": {
        "name": "Jan Aushadhi Kendra - Beliaghata",
        "category": "pharmacy",
        "locality": "Beliaghata",
        "address": "22, E. M. Bypass, Beliaghata",
        "always": true,
        "hours": "Open 24 hours",
        "tags": [
          "beliaghata",
          "c. i. t. road",
          "pharmacy",
          "chemist",
          "medicine",
          "24 hours",
          "night"
        ],
        "notes": "Sells single strips and loose tablets, which most night counters will not.",
        "source": "synthetic-fill",
        "verified": null,
        "id": "ph-068"
      }
    },
    {
      "type": "Feature",
      "geometry": {
        "type": "Point",
        "coordinates": [
          88.40764,
          22.52992
        ]
      },
      "properties": {
        "name": "Roy Medi Point - VIP Bazar",
        "category": "pharmacy",
        "locality": "VIP Bazar",
        "address": "163, E. M. Bypass, VIP Bazar",
        "hours": "Open 24 hours",
        "tags": [
          "vip bazar",
          "vip road",
          "pharmacy",
          "chemist",
          "medicine",
          "24 hours",
          "night"
        ],
        "notes": "Keeps insulin and cardiac stock behind the counter - ask directly.",
        "source": "synthetic-fill",
        "verified": null,
        "id": "ph-069",
        "always": true,
        "nightGuaranteed": true
      }
    },
    {
      "type": "Feature",
      "geometry": {
        "type": "Point",
        "coordinates": [
          88.36915,
          22.59871
        ]
      },
      "properties": {
        "name": "Wellness Forever - Shyambazar",
        "category": "pharmacy",
        "locality": "Shyambazar",
        "address": "157C, Bidhan Sarani, Shyambazar",
        "always": true,
        "hours": "Open 24 hours",
        "tags": [
          "shyambazar",
          "bhairab dutta lane",
          "pharmacy",
          "chemist",
          "medicine",
          "24 hours",
          "night"
        ],
        "notes": "Keeps insulin and cardiac stock behind the counter - ask directly.",
        "source": "synthetic-fill",
        "verified": null,
        "id": "ph-070"
      }
    },
    {
      "type": "Feature",
      "geometry": {
        "type": "Point",
        "coordinates": [
          88.36538,
          22.59706
        ]
      },
      "properties": {
        "name": "Sen Medical Stores - Shobhabazar",
        "category": "pharmacy",
        "locality": "Shobhabazar",
        "address": "32/6, Bidhan Sarani, Shobhabazar",
        "always": true,
        "hours": "Open 24 hours",
        "tags": [
          "shobhabazar",
          "bidhan sarani",
          "pharmacy",
          "chemist",
          "medicine",
          "24 hours",
          "night"
        ],
        "notes": "Small shop, surprisingly deep stock. Ring the bell if the shutter is half down.",
        "source": "synthetic-fill",
        "verified": null,
        "id": "ph-071"
      }
    },
    {
      "type": "Feature",
      "geometry": {
        "type": "Point",
        "coordinates": [
          88.36189,
          22.59804
        ]
      },
      "properties": {
        "name": "Sanjivani Chemist - Bagbazar",
        "category": "pharmacy",
        "locality": "Bagbazar",
        "address": "34, B. K. Paul Avenue, Bagbazar",
        "open": "08:00",
        "close": "04:00",
        "hours": "08:00 - 04:00 daily",
        "tags": [
          "bagbazar",
          "rabindra sarani",
          "pharmacy",
          "chemist",
          "medicine",
          "24 hours",
          "night"
        ],
        "notes": "A/C waiting area, and the staff will call a cab for you at closing time.",
        "source": "synthetic-fill",
        "verified": null,
        "id": "ph-072"
      }
    },
    {
      "type": "Feature",
      "geometry": {
        "type": "Point",
        "coordinates": [
          88.35811,
          22.59393
        ]
      },
      "properties": {
        "name": "Ganguly Medicine Corner - Chitpur",
        "category": "pharmacy",
        "locality": "Chitpur",
        "address": "21/2, Rabindra Sarani, Chitpur",
        "open": "08:00",
        "close": "04:00",
        "hours": "08:00 - 04:00 daily",
        "tags": [
          "chitpur",
          "rabindra sarani",
          "pharmacy",
          "chemist",
          "medicine",
          "24 hours",
          "night"
        ],
        "notes": "Small shop, surprisingly deep stock. Ring the bell if the shutter is half down.",
        "source": "synthetic-fill",
        "verified": null,
        "id": "ph-073"
      }
    },
    {
      "type": "Feature",
      "geometry": {
        "type": "Point",
        "coordinates": [
          88.36051,
          22.61017
        ]
      },
      "properties": {
        "name": "Nandi Chemist & Druggist - Cossipore",
        "category": "pharmacy",
        "locality": "Cossipore",
        "address": "106, Cossipore Road, Cossipore",
        "always": true,
        "hours": "Open 24 hours",
        "tags": [
          "cossipore",
          "kali charan ghosh road",
          "pharmacy",
          "chemist",
          "medicine",
          "24 hours",
          "night"
        ],
        "notes": "Cold-chain fridge for insulin, with generator backup during load-shedding.",
        "source": "synthetic-fill",
        "verified": null,
        "id": "ph-074"
      }
    },
    {
      "type": "Feature",
      "geometry": {
        "type": "Point",
        "coordinates": [
          88.37435,
          22.60637
        ]
      },
      "properties": {
        "name": "Nirmal Medical - Sinthee",
        "category": "pharmacy",
        "locality": "Sinthee",
        "address": "150, B. T. Road, Sinthee",
        "open": "09:00",
        "close": "21:00",
        "closedDays": [
          0
        ],
        "hours": "09:00 - 21:00, closed Sunday",
        "tags": [
          "sinthee",
          "dumdum road",
          "pharmacy",
          "chemist",
          "medicine",
          "24 hours",
          "night"
        ],
        "notes": "Cold-chain fridge for insulin, with generator backup during load-shedding.",
        "source": "synthetic-fill",
        "verified": null,
        "id": "ph-075"
      }
    },
    {
      "type": "Feature",
      "geometry": {
        "type": "Point",
        "coordinates": [
          88.38136,
          22.60691
        ]
      },
      "properties": {
        "name": "Sree Banerjee Pharmacy - Belgachia",
        "category": "pharmacy",
        "locality": "Belgachia",
        "address": "15/2, B. T. Road, Belgachia",
        "always": true,
        "hours": "Open 24 hours",
        "tags": [
          "belgachia",
          "b. t. road",
          "pharmacy",
          "chemist",
          "medicine",
          "24 hours",
          "night"
        ],
        "notes": "Night shutter on the B. T. Road side; UPI works after 1 AM.",
        "source": "synthetic-fill",
        "verified": null,
        "id": "ph-076"
      }
    },
    {
      "type": "Feature",
      "geometry": {
        "type": "Point",
        "coordinates": [
          88.37944,
          22.60867
        ]
      },
      "properties": {
        "name": "Suraksha Pharmacy - Tala",
        "category": "pharmacy",
        "locality": "Tala",
        "address": "157C, Tala Road, Tala",
        "always": true,
        "hours": "Open 24 hours",
        "tags": [
          "tala",
          "paikpara row",
          "pharmacy",
          "chemist",
          "medicine",
          "24 hours",
          "night"
        ],
        "notes": "Sells single strips and loose tablets, which most night counters will not.",
        "source": "synthetic-fill",
        "verified": null,
        "id": "ph-077"
      }
    },
    {
      "type": "Feature",
      "geometry": {
        "type": "Point",
        "coordinates": [
          88.36208,
          22.59098
        ]
      },
      "properties": {
        "name": "Apollo Pharmacy - Girish Park",
        "category": "pharmacy",
        "locality": "Girish Park",
        "address": "109, Rabindra Sarani, Girish Park",
        "always": true,
        "hours": "Open 24 hours",
        "tags": [
          "girish park",
          "rabindra sarani",
          "pharmacy",
          "chemist",
          "medicine",
          "24 hours",
          "night"
        ],
        "notes": "Sells single strips and loose tablets, which most night counters will not.",
        "source": "synthetic-fill",
        "verified": null,
        "id": "ph-078"
      }
    },
    {
      "type": "Feature",
      "geometry": {
        "type": "Point",
        "coordinates": [
          88.36064,
          22.58403
        ]
      },
      "properties": {
        "name": "LifeCare Medical - Mahatma Gandhi Road",
        "category": "pharmacy",
        "locality": "Mahatma Gandhi Road",
        "address": "75C, Rabindra Sarani, Mahatma Gandhi Road",
        "always": true,
        "hours": "Open 24 hours",
        "tags": [
          "mahatma gandhi road",
          "canning street",
          "pharmacy",
          "chemist",
          "medicine",
          "24 hours",
          "night"
        ],
        "notes": "Keeps insulin and cardiac stock behind the counter - ask directly.",
        "source": "synthetic-fill",
        "verified": null,
        "id": "ph-079"
      }
    },
    {
      "type": "Feature",
      "geometry": {
        "type": "Point",
        "coordinates": [
          88.37654,
          22.58475
        ]
      },
      "properties": {
        "name": "Noble Chemist - Maniktala",
        "category": "pharmacy",
        "locality": "Maniktala",
        "address": "11/8, Maniktala Main Road, Maniktala",
        "always": true,
        "hours": "Open 24 hours",
        "tags": [
          "maniktala",
          "acharya prafulla chandra road",
          "pharmacy",
          "chemist",
          "medicine",
          "24 hours",
          "night"
        ],
        "notes": "Small shop, surprisingly deep stock. Ring the bell if the shutter is half down.",
        "source": "synthetic-fill",
        "verified": null,
        "id": "ph-080"
      }
    },
    {
      "type": "Feature",
      "geometry": {
        "type": "Point",
        "coordinates": [
          88.38892,
          22.58195
        ]
      },
      "properties": {
        "name": "Nirmal Medical - Kankurgachi",
        "category": "pharmacy",
        "locality": "Kankurgachi",
        "address": "39/6, C. I. T. Road, Kankurgachi",
        "always": true,
        "hours": "Open 24 hours",
        "tags": [
          "kankurgachi",
          "c. i. t. road",
          "pharmacy",
          "chemist",
          "medicine",
          "24 hours",
          "night"
        ],
        "notes": "Small shop, surprisingly deep stock. Ring the bell if the shutter is half down.",
        "source": "synthetic-fill",
        "verified": null,
        "id": "ph-081"
      }
    },
    {
      "type": "Feature",
      "geometry": {
        "type": "Point",
        "coordinates": [
          88.38515,
          22.57444
        ]
      },
      "properties": {
        "name": "Seal Medi Point - Phoolbagan",
        "category": "pharmacy",
        "locality": "Phoolbagan",
        "address": "142, C. I. T. Road, Phoolbagan",
        "always": true,
        "hours": "Open 24 hours",
        "tags": [
          "phoolbagan",
          "narkeldanga main road",
          "pharmacy",
          "chemist",
          "medicine",
          "24 hours",
          "night"
        ],
        "notes": "Keeps insulin and cardiac stock behind the counter - ask directly.",
        "source": "synthetic-fill",
        "verified": null,
        "id": "ph-082"
      }
    },
    {
      "type": "Feature",
      "geometry": {
        "type": "Point",
        "coordinates": [
          88.39337,
          22.59052
        ]
      },
      "properties": {
        "name": "Ghosh Brothers Pharmacy - Ultadanga",
        "category": "pharmacy",
        "locality": "Ultadanga",
        "address": "6, Canal Road, Ultadanga",
        "always": true,
        "hours": "Open 24 hours",
        "tags": [
          "ultadanga",
          "ultadanga main road",
          "pharmacy",
          "chemist",
          "medicine",
          "24 hours",
          "night"
        ],
        "notes": "Cold-chain fridge for insulin, with generator backup during load-shedding.",
        "source": "synthetic-fill",
        "verified": null,
        "id": "ph-083"
      }
    },
    {
      "type": "Feature",
      "geometry": {
        "type": "Point",
        "coordinates": [
          88.41265,
          22.60387
        ]
      },
      "properties": {
        "name": "Pal Chemist & Druggist - Kestopur",
        "category": "pharmacy",
        "locality": "Kestopur",
        "address": "123B, Baguiati Road, Kestopur",
        "hours": "Open 24 hours",
        "tags": [
          "kestopur",
          "vip road",
          "pharmacy",
          "chemist",
          "medicine",
          "24 hours",
          "night"
        ],
        "notes": "Cold-chain fridge for insulin, with generator backup during load-shedding.",
        "source": "synthetic-fill",
        "verified": null,
        "id": "ph-084",
        "always": true,
        "nightGuaranteed": true
      }
    },
    {
      "type": "Feature",
      "geometry": {
        "type": "Point",
        "coordinates": [
          88.40035,
          22.60406
        ]
      },
      "properties": {
        "name": "Wellness Forever - Lake Town",
        "category": "pharmacy",
        "locality": "Lake Town",
        "address": "4/3, VIP Road, Lake Town",
        "open": "08:00",
        "close": "02:30",
        "hours": "08:00 - 02:30 daily",
        "tags": [
          "lake town",
          "lake town block b road",
          "pharmacy",
          "chemist",
          "medicine",
          "24 hours",
          "night"
        ],
        "notes": "A/C waiting area, and the staff will call a cab for you at closing time.",
        "source": "synthetic-fill",
        "verified": null,
        "id": "ph-085"
      }
    },
    {
      "type": "Feature",
      "geometry": {
        "type": "Point",
        "coordinates": [
          88.40687,
          22.61056
        ]
      },
      "properties": {
        "name": "MedPlus Pharmacy - Bangur Avenue",
        "category": "pharmacy",
        "locality": "Bangur Avenue",
        "address": "31, Bangur Avenue, Bangur Avenue",
        "always": true,
        "hours": "Open 24 hours",
        "tags": [
          "bangur avenue",
          "jessore road",
          "pharmacy",
          "chemist",
          "medicine",
          "24 hours",
          "night"
        ],
        "notes": "Free first-aid and BP check through the night.",
        "source": "synthetic-fill",
        "verified": null,
        "id": "ph-086"
      }
    },
    {
      "type": "Feature",
      "geometry": {
        "type": "Point",
        "coordinates": [
          88.40727,
          22.61812
        ]
      },
      "properties": {
        "name": "Apollo Pharmacy - Dum Dum Road",
        "category": "pharmacy",
        "locality": "Dum Dum Road",
        "address": "6/2, Nagerbazar Road, Dum Dum Road",
        "open": "09:00",
        "close": "01:00",
        "hours": "09:00 - 01:00 daily",
        "tags": [
          "dum dum road",
          "dumdum road",
          "pharmacy",
          "chemist",
          "medicine",
          "24 hours",
          "night"
        ],
        "notes": "Cold-chain fridge for insulin, with generator backup during load-shedding.",
        "source": "synthetic-fill",
        "verified": null,
        "id": "ph-087"
      }
    },
    {
      "type": "Feature",
      "geometry": {
        "type": "Point",
        "coordinates": [
          88.41545,
          22.62323
        ]
      },
      "properties": {
        "name": "Bose Brothers Pharmacy - Nagerbazar",
        "category": "pharmacy",
        "locality": "Nagerbazar",
        "address": "154, Jessore Road, Nagerbazar",
        "always": true,
        "hours": "Open 24 hours",
        "tags": [
          "nagerbazar",
          "nagerbazar road",
          "pharmacy",
          "chemist",
          "medicine",
          "24 hours",
          "night"
        ],
        "notes": "Cold-chain fridge for insulin, with generator backup during load-shedding.",
        "source": "synthetic-fill",
        "verified": null,
        "id": "ph-088"
      }
    },
    {
      "type": "Feature",
      "geometry": {
        "type": "Point",
        "coordinates": [
          88.4063,
          22.63288
        ]
      },
      "properties": {
        "name": "Wellness Forever - Dum Dum",
        "category": "pharmacy",
        "locality": "Dum Dum",
        "address": "71, Jessore Road, Dum Dum",
        "open": "09:00",
        "close": "01:00",
        "hours": "09:00 - 01:00 daily",
        "tags": [
          "dum dum",
          "station road",
          "pharmacy",
          "chemist",
          "medicine",
          "24 hours",
          "night"
        ],
        "notes": "Small shop, surprisingly deep stock. Ring the bell if the shutter is half down.",
        "source": "synthetic-fill",
        "verified": null,
        "id": "ph-089"
      }
    },
    {
      "type": "Feature",
      "geometry": {
        "type": "Point",
        "coordinates": [
          88.41832,
          22.66433
        ]
      },
      "properties": {
        "name": "Nirmal Medical - Birati",
        "category": "pharmacy",
        "locality": "Birati",
        "address": "101B, Michael Nagar Road, Birati",
        "hours": "Open 24 hours",
        "tags": [
          "birati",
          "michael nagar road",
          "pharmacy",
          "chemist",
          "medicine",
          "24 hours",
          "night"
        ],
        "notes": "Keeps insulin and cardiac stock behind the counter - ask directly.",
        "source": "synthetic-fill",
        "verified": null,
        "id": "ph-090",
        "always": true,
        "nightGuaranteed": true
      }
    },
    {
      "type": "Feature",
      "geometry": {
        "type": "Point",
        "coordinates": [
          88.41163,
          22.66465
        ]
      },
      "properties": {
        "name": "Noble Chemist - Michael Nagar",
        "category": "pharmacy",
        "locality": "Michael Nagar",
        "address": "2C, Dumdum Road, Michael Nagar",
        "always": true,
        "hours": "Open 24 hours",
        "tags": [
          "michael nagar",
          "jessore road",
          "pharmacy",
          "chemist",
          "medicine",
          "24 hours",
          "night"
        ],
        "notes": "Dialysis and oxygen suppliers on call - ask at the counter.",
        "source": "synthetic-fill",
        "verified": null,
        "id": "ph-091"
      }
    },
    {
      "type": "Feature",
      "geometry": {
        "type": "Point",
        "coordinates": [
          88.44582,
          22.65136
        ]
      },
      "properties": {
        "name": "Bhattacharya Medi Point - Airport",
        "category": "pharmacy",
        "locality": "Airport",
        "address": "121, Airport Gate Road, Airport",
        "open": "08:00",
        "close": "02:30",
        "hours": "08:00 - 02:30 daily",
        "tags": [
          "airport",
          "jessore road",
          "pharmacy",
          "chemist",
          "medicine",
          "24 hours",
          "night"
        ],
        "notes": "Dialysis and oxygen suppliers on call - ask at the counter.",
        "source": "synthetic-fill",
        "verified": null,
        "id": "ph-092"
      }
    },
    {
      "type": "Feature",
      "geometry": {
        "type": "Point",
        "coordinates": [
          88.46608,
          22.58552
        ]
      },
      "properties": {
        "name": "Netmeds Store - Rajarhat New Town",
        "category": "pharmacy",
        "locality": "Rajarhat New Town",
        "address": "152, Major Arterial Road, Rajarhat New Town",
        "open": "08:00",
        "close": "02:30",
        "hours": "08:00 - 02:30 daily",
        "tags": [
          "rajarhat new town",
          "major arterial road",
          "pharmacy",
          "chemist",
          "medicine",
          "24 hours",
          "night"
        ],
        "notes": "A/C waiting area, and the staff will call a cab for you at closing time.",
        "source": "synthetic-fill",
        "verified": null,
        "id": "ph-093"
      }
    },
    {
      "type": "Feature",
      "geometry": {
        "type": "Point",
        "coordinates": [
          88.47491,
          22.5976
        ]
      },
      "properties": {
        "name": "Noble Chemist - New Town AA II",
        "category": "pharmacy",
        "locality": "New Town AA II",
        "address": "56A, Chinar Park Road, New Town AA II",
        "always": true,
        "hours": "Open 24 hours",
        "tags": [
          "new town aa ii",
          "aa ii road",
          "pharmacy",
          "chemist",
          "medicine",
          "24 hours",
          "night"
        ],
        "notes": "Sells single strips and loose tablets, which most night counters will not.",
        "source": "synthetic-fill",
        "verified": null,
        "id": "ph-094"
      }
    },
    {
      "type": "Feature",
      "geometry": {
        "type": "Point",
        "coordinates": [
          88.45739,
          22.61475
        ]
      },
      "properties": {
        "name": "Sree Lahiri Pharmacy - Chinar Park",
        "category": "pharmacy",
        "locality": "Chinar Park",
        "address": "68, VIP Road, Chinar Park",
        "open": "07:00",
        "close": "23:30",
        "hours": "07:00 - 23:30 daily",
        "tags": [
          "chinar park",
          "vip road",
          "pharmacy",
          "chemist",
          "medicine",
          "24 hours",
          "night"
        ],
        "notes": "Dialysis and oxygen suppliers on call - ask at the counter.",
        "source": "synthetic-fill",
        "verified": null,
        "id": "ph-095"
      }
    },
    {
      "type": "Feature",
      "geometry": {
        "type": "Point",
        "coordinates": [
          88.4363,
          22.60966
        ]
      },
      "properties": {
        "name": "Dey Chemist & Druggist - Baguiati",
        "category": "pharmacy",
        "locality": "Baguiati",
        "address": "34C, VIP Road, Baguiati",
        "always": true,
        "hours": "Open 24 hours",
        "tags": [
          "baguiati",
          "baguiati road",
          "pharmacy",
          "chemist",
          "medicine",
          "24 hours",
          "night"
        ],
        "notes": "Keeps insulin and cardiac stock behind the counter - ask directly.",
        "source": "synthetic-fill",
        "verified": null,
        "id": "ph-096"
      }
    },
    {
      "type": "Feature",
      "geometry": {
        "type": "Point",
        "coordinates": [
          88.42725,
          22.61994
        ]
      },
      "properties": {
        "name": "Apollo Pharmacy - Teghoria",
        "category": "pharmacy",
        "locality": "Teghoria",
        "address": "10/9, Baguiati Road, Teghoria",
        "open": "07:00",
        "close": "23:30",
        "hours": "07:00 - 23:30 daily",
        "tags": [
          "teghoria",
          "teghoria main road",
          "pharmacy",
          "chemist",
          "medicine",
          "24 hours",
          "night"
        ],
        "notes": "Keeps insulin and cardiac stock behind the counter - ask directly.",
        "source": "synthetic-fill",
        "verified": null,
        "id": "ph-097"
      }
    },
    {
      "type": "Feature",
      "geometry": {
        "type": "Point",
        "coordinates": [
          88.44232,
          22.62291
        ]
      },
      "properties": {
        "name": "Bose Medical Stores - Hatiara",
        "category": "pharmacy",
        "locality": "Hatiara",
        "address": "27, Rajarhat Road, Hatiara",
        "always": true,
        "hours": "Open 24 hours",
        "tags": [
          "hatiara",
          "rajarhat road",
          "pharmacy",
          "chemist",
          "medicine",
          "24 hours",
          "night"
        ],
        "notes": "Dialysis and oxygen suppliers on call - ask at the counter.",
        "source": "synthetic-fill",
        "verified": null,
        "id": "ph-098"
      }
    },
    {
      "type": "Feature",
      "geometry": {
        "type": "Point",
        "coordinates": [
          88.44727,
          22.69916
        ]
      },
      "properties": {
        "name": "New Ganguly Pharmacy - Madhyamgram",
        "category": "pharmacy",
        "locality": "Madhyamgram",
        "address": "121B, Badra Main Road, Madhyamgram",
        "open": "09:00",
        "close": "21:00",
        "closedDays": [
          0
        ],
        "hours": "09:00 - 21:00, closed Sunday",
        "tags": [
          "madhyamgram",
          "jessore road",
          "pharmacy",
          "chemist",
          "medicine",
          "24 hours",
          "night"
        ],
        "notes": "Cold-chain fridge for insulin, with generator backup during load-shedding.",
        "source": "synthetic-fill",
        "verified": null,
        "id": "ph-099"
      }
    },
    {
      "type": "Feature",
      "geometry": {
        "type": "Point",
        "coordinates": [
          88.47967,
          22.72244
        ]
      },
      "properties": {
        "name": "SastaSundar Pharmacy - Barasat",
        "category": "pharmacy",
        "locality": "Barasat",
        "address": "27/1, Nabapally Road, Barasat",
        "always": true,
        "hours": "Open 24 hours",
        "tags": [
          "barasat",
          "jessore road",
          "pharmacy",
          "chemist",
          "medicine",
          "24 hours",
          "night"
        ],
        "notes": "Cold-chain fridge for insulin, with generator backup during load-shedding.",
        "source": "synthetic-fill",
        "verified": null,
        "id": "ph-100"
      }
    },
    {
      "type": "Feature",
      "geometry": {
        "type": "Point",
        "coordinates": [
          88.37077,
          22.63796
        ]
      },
      "properties": {
        "name": "Apollo Pharmacy - Baranagar",
        "category": "pharmacy",
        "locality": "Baranagar",
        "address": "13/8, Gopal Lal Thakur Road, Baranagar",
        "always": true,
        "hours": "Open 24 hours",
        "tags": [
          "baranagar",
          "baranagar road",
          "pharmacy",
          "chemist",
          "medicine",
          "24 hours",
          "night"
        ],
        "notes": "Free first-aid and BP check through the night.",
        "source": "synthetic-fill",
        "verified": null,
        "id": "ph-101"
      }
    },
    {
      "type": "Feature",
      "geometry": {
        "type": "Point",
        "coordinates": [
          88.38903,
          22.64994
        ]
      },
      "properties": {
        "name": "Chanda Drug House - Belghoria",
        "category": "pharmacy",
        "locality": "Belghoria",
        "address": "121, Belghoria Station Road, Belghoria",
        "always": true,
        "hours": "Open 24 hours",
        "tags": [
          "belghoria",
          "belghoria station road",
          "pharmacy",
          "chemist",
          "medicine",
          "24 hours",
          "night"
        ],
        "notes": "Sells single strips and loose tablets, which most night counters will not.",
        "source": "synthetic-fill",
        "verified": null,
        "id": "ph-102"
      }
    },
    {
      "type": "Feature",
      "geometry": {
        "type": "Point",
        "coordinates": [
          88.39217,
          22.66766
        ]
      },
      "properties": {
        "name": "Ganguly Medicine Corner - Nimta",
        "category": "pharmacy",
        "locality": "Nimta",
        "address": "33/8, Nimta Road, Nimta",
        "open": "08:00",
        "close": "04:00",
        "hours": "08:00 - 04:00 daily",
        "tags": [
          "nimta",
          "b. t. road",
          "pharmacy",
          "chemist",
          "medicine",
          "24 hours",
          "night"
        ],
        "notes": "Small shop, surprisingly deep stock. Ring the bell if the shutter is half down.",
        "source": "synthetic-fill",
        "verified": null,
        "id": "ph-103"
      }
    },
    {
      "type": "Feature",
      "geometry": {
        "type": "Point",
        "coordinates": [
          88.3898,
          22.68807
        ]
      },
      "properties": {
        "name": "Netmeds Store - Sodepur",
        "category": "pharmacy",
        "locality": "Sodepur",
        "address": "19, Station Road, Sodepur",
        "open": "09:00",
        "close": "01:00",
        "hours": "09:00 - 01:00 daily",
        "tags": [
          "sodepur",
          "b. t. road",
          "pharmacy",
          "chemist",
          "medicine",
          "24 hours",
          "night"
        ],
        "notes": "Dialysis and oxygen suppliers on call - ask at the counter.",
        "source": "synthetic-fill",
        "verified": null,
        "id": "ph-104"
      }
    },
    {
      "type": "Feature",
      "geometry": {
        "type": "Point",
        "coordinates": [
          88.37234,
          22.68716
        ]
      },
      "properties": {
        "name": "Mondal Chemist & Druggist - Panihati",
        "category": "pharmacy",
        "locality": "Panihati",
        "address": "3/4, B. T. Road, Panihati",
        "hours": "Open 24 hours",
        "tags": [
          "panihati",
          "b. t. road",
          "pharmacy",
          "chemist",
          "medicine",
          "24 hours",
          "night"
        ],
        "notes": "Sells single strips and loose tablets, which most night counters will not.",
        "source": "synthetic-fill",
        "verified": null,
        "id": "ph-105",
        "always": true,
        "nightGuaranteed": true
      }
    },
    {
      "type": "Feature",
      "geometry": {
        "type": "Point",
        "coordinates": [
          88.37895,
          22.70341
        ]
      },
      "properties": {
        "name": "Nandi Brothers Pharmacy - Khardah",
        "category": "pharmacy",
        "locality": "Khardah",
        "address": "61B, Rahuta Road, Khardah",
        "always": true,
        "hours": "Open 24 hours",
        "tags": [
          "khardah",
          "b. t. road",
          "pharmacy",
          "chemist",
          "medicine",
          "24 hours",
          "night"
        ],
        "notes": "Dialysis and oxygen suppliers on call - ask at the counter.",
        "source": "synthetic-fill",
        "verified": null,
        "id": "ph-106"
      }
    },
    {
      "type": "Feature",
      "geometry": {
        "type": "Point",
        "coordinates": [
          88.37301,
          22.76235
        ]
      },
      "properties": {
        "name": "Guha Medi Point - Barrackpore",
        "category": "pharmacy",
        "locality": "Barrackpore",
        "address": "31, Talpukur Road, Barrackpore",
        "always": true,
        "hours": "Open 24 hours",
        "tags": [
          "barrackpore",
          "talpukur road",
          "pharmacy",
          "chemist",
          "medicine",
          "24 hours",
          "night"
        ],
        "notes": "Small shop, surprisingly deep stock. Ring the bell if the shutter is half down.",
        "source": "synthetic-fill",
        "verified": null,
        "id": "ph-107"
      }
    },
    {
      "type": "Feature",
      "geometry": {
        "type": "Point",
        "coordinates": [
          88.40704,
          22.58614
        ]
      },
      "properties": {
        "name": "Medicine Shoppe - Salt Lake Sector I",
        "category": "pharmacy",
        "locality": "Salt Lake Sector I",
        "address": "6C, Sector I Road, Salt Lake Sector I",
        "always": true,
        "hours": "Open 24 hours",
        "tags": [
          "salt lake sector i",
          "broadway road",
          "pharmacy",
          "chemist",
          "medicine",
          "24 hours",
          "night"
        ],
        "notes": "Small shop, surprisingly deep stock. Ring the bell if the shutter is half down.",
        "source": "synthetic-fill",
        "verified": null,
        "id": "ph-108"
      }
    },
    {
      "type": "Feature",
      "geometry": {
        "type": "Point",
        "coordinates": [
          88.41877,
          22.58676
        ]
      },
      "properties": {
        "name": "Haldar Brothers Pharmacy - Salt Lake Sector II",
        "category": "pharmacy",
        "locality": "Salt Lake Sector II",
        "address": "21/4, Broadway Road, Salt Lake Sector II",
        "hours": "Open 24 hours",
        "tags": [
          "salt lake sector ii",
          "sector ii road",
          "pharmacy",
          "chemist",
          "medicine",
          "24 hours",
          "night"
        ],
        "notes": "Night shutter on the Sector II Road side; UPI works after 1 AM.",
        "source": "synthetic-fill",
        "verified": null,
        "id": "ph-109",
        "always": true,
        "nightGuaranteed": true
      }
    },
    {
      "type": "Feature",
      "geometry": {
        "type": "Point",
        "coordinates": [
          88.40658,
          22.58258
        ]
      },
      "properties": {
        "name": "Jan Aushadhi Kendra - Salt Lake Sector III",
        "category": "pharmacy",
        "locality": "Salt Lake Sector III",
        "address": "176, Broadway Road, Salt Lake Sector III",
        "hours": "Open 24 hours",
        "tags": [
          "salt lake sector iii",
          "sector iii road",
          "pharmacy",
          "chemist",
          "medicine",
          "24 hours",
          "night"
        ],
        "notes": "Night shutter on the Sector III Road side; UPI works after 1 AM.",
        "source": "synthetic-fill",
        "verified": null,
        "id": "ph-110",
        "always": true,
        "nightGuaranteed": true
      }
    },
    {
      "type": "Feature",
      "geometry": {
        "type": "Point",
        "coordinates": [
          88.42026,
          22.58821
        ]
      },
      "properties": {
        "name": "Kar Chemist & Druggist - Karunamoyee",
        "category": "pharmacy",
        "locality": "Karunamoyee",
        "address": "111C, Karunamoyee Road, Karunamoyee",
        "always": true,
        "hours": "Open 24 hours",
        "tags": [
          "karunamoyee",
          "karunamoyee road",
          "pharmacy",
          "chemist",
          "medicine",
          "24 hours",
          "night"
        ],
        "notes": "A/C waiting area, and the staff will call a cab for you at closing time.",
        "source": "synthetic-fill",
        "verified": null,
        "id": "ph-111"
      }
    },
    {
      "type": "Feature",
      "geometry": {
        "type": "Point",
        "coordinates": [
          88.43105,
          22.57217
        ]
      },
      "properties": {
        "name": "Nirmal Medical - Salt Lake Sector V",
        "category": "pharmacy",
        "locality": "Salt Lake Sector V",
        "address": "60, College More Road, Salt Lake Sector V",
        "always": true,
        "hours": "Open 24 hours",
        "tags": [
          "salt lake sector v",
          "sector v road",
          "pharmacy",
          "chemist",
          "medicine",
          "24 hours",
          "night"
        ],
        "notes": "Free first-aid and BP check through the night.",
        "source": "synthetic-fill",
        "verified": null,
        "id": "ph-112"
      }
    },
    {
      "type": "Feature",
      "geometry": {
        "type": "Point",
        "coordinates": [
          88.43647,
          22.57859
        ]
      },
      "properties": {
        "name": "Wellness Forever - College More",
        "category": "pharmacy",
        "locality": "College More",
        "address": "36/6, College More, College More",
        "always": true,
        "hours": "Open 24 hours",
        "tags": [
          "college more",
          "dn block road",
          "pharmacy",
          "chemist",
          "medicine",
          "24 hours",
          "night"
        ],
        "notes": "A/C waiting area, and the staff will call a cab for you at closing time.",
        "source": "synthetic-fill",
        "verified": null,
        "id": "ph-113"
      }
    },
    {
      "type": "Feature",
      "geometry": {
        "type": "Point",
        "coordinates": [
          88.40657,
          22.56837
        ]
      },
      "properties": {
        "name": "Sarkar Health Centre - Salt Lake Stadium",
        "category": "pharmacy",
        "locality": "Salt Lake Stadium",
        "address": "118, Broadway Road, Salt Lake Stadium",
        "always": true,
        "hours": "Open 24 hours",
        "tags": [
          "salt lake stadium",
          "broadway road",
          "pharmacy",
          "chemist",
          "medicine",
          "24 hours",
          "night"
        ],
        "notes": "Night shutter on the Broadway Road side; UPI works after 1 AM.",
        "source": "synthetic-fill",
        "verified": null,
        "id": "ph-114"
      }
    },
    {
      "type": "Feature",
      "geometry": {
        "type": "Point",
        "coordinates": [
          88.34502,
          22.5859
        ]
      },
      "properties": {
        "name": "Sanjivani Chemist - Howrah Station",
        "category": "pharmacy",
        "locality": "Howrah Station",
        "address": "174A, Grand Trunk Road, Howrah Station",
        "always": true,
        "hours": "Open 24 hours",
        "tags": [
          "howrah station",
          "station road",
          "pharmacy",
          "chemist",
          "medicine",
          "24 hours",
          "night"
        ],
        "notes": "A/C waiting area, and the staff will call a cab for you at closing time.",
        "source": "synthetic-fill",
        "verified": null,
        "id": "ph-115"
      }
    },
    {
      "type": "Feature",
      "geometry": {
        "type": "Point",
        "coordinates": [
          88.31987,
          22.57074
        ]
      },
      "properties": {
        "name": "Apollo Pharmacy - Shibpur",
        "category": "pharmacy",
        "locality": "Shibpur",
        "address": "33/2, College Road, Shibpur",
        "always": true,
        "hours": "Open 24 hours",
        "tags": [
          "shibpur",
          "grand trunk road",
          "pharmacy",
          "chemist",
          "medicine",
          "24 hours",
          "night"
        ],
        "notes": "Night shutter on the Grand Trunk Road side; UPI works after 1 AM.",
        "source": "synthetic-fill",
        "verified": null,
        "id": "ph-116"
      }
    },
    {
      "type": "Feature",
      "geometry": {
        "type": "Point",
        "coordinates": [
          88.33629,
          22.59497
        ]
      },
      "properties": {
        "name": "Noble Chemist - Salkia",
        "category": "pharmacy",
        "locality": "Salkia",
        "address": "176, Golabari Road, Salkia",
        "always": true,
        "hours": "Open 24 hours",
        "tags": [
          "salkia",
          "golabari road",
          "pharmacy",
          "chemist",
          "medicine",
          "24 hours",
          "night"
        ],
        "notes": "Keeps insulin and cardiac stock behind the counter - ask directly.",
        "source": "synthetic-fill",
        "verified": null,
        "id": "ph-117"
      }
    },
    {
      "type": "Feature",
      "geometry": {
        "type": "Point",
        "coordinates": [
          88.34257,
          22.58839
        ]
      },
      "properties": {
        "name": "Ganguly Brothers Pharmacy - Golabari",
        "category": "pharmacy",
        "locality": "Golabari",
        "address": "82, Grand Trunk Road, Golabari",
        "always": true,
        "hours": "Open 24 hours",
        "tags": [
          "golabari",
          "grand trunk road",
          "pharmacy",
          "chemist",
          "medicine",
          "24 hours",
          "night"
        ],
        "notes": "Dialysis and oxygen suppliers on call - ask at the counter.",
        "source": "synthetic-fill",
        "verified": null,
        "id": "ph-118"
      }
    },
    {
      "type": "Feature",
      "geometry": {
        "type": "Point",
        "coordinates": [
          88.34006,
          22.62498
        ]
      },
      "properties": {
        "name": "Sarkar Medicine Corner - Liluah",
        "category": "pharmacy",
        "locality": "Liluah",
        "address": "40/6, Bhattanagar Road, Liluah",
        "open": "08:00",
        "close": "02:30",
        "hours": "08:00 - 02:30 daily",
        "tags": [
          "liluah",
          "grand trunk road",
          "pharmacy",
          "chemist",
          "medicine",
          "24 hours",
          "night"
        ],
        "notes": "Keeps insulin and cardiac stock behind the counter - ask directly.",
        "source": "synthetic-fill",
        "verified": null,
        "id": "ph-119"
      }
    },
    {
      "type": "Feature",
      "geometry": {
        "type": "Point",
        "coordinates": [
          88.34553,
          22.63374
        ]
      },
      "properties": {
        "name": "Pramanik Brothers Pharmacy - Belur",
        "category": "pharmacy",
        "locality": "Belur",
        "address": "92, Bally Road, Belur",
        "always": true,
        "hours": "Open 24 hours",
        "tags": [
          "belur",
          "grand trunk road",
          "pharmacy",
          "chemist",
          "medicine",
          "24 hours",
          "night"
        ],
        "notes": "Night shutter on the Grand Trunk Road side; UPI works after 1 AM.",
        "source": "synthetic-fill",
        "verified": null,
        "id": "ph-120"
      }
    },
    {
      "type": "Feature",
      "geometry": {
        "type": "Point",
        "coordinates": [
          88.34452,
          22.65129
        ]
      },
      "properties": {
        "name": "Wellness Forever - Bally",
        "category": "pharmacy",
        "locality": "Bally",
        "address": "34, Bally Halt Road, Bally",
        "always": true,
        "hours": "Open 24 hours",
        "tags": [
          "bally",
          "bally halt road",
          "pharmacy",
          "chemist",
          "medicine",
          "24 hours",
          "night"
        ],
        "notes": "Free first-aid and BP check through the night.",
        "source": "synthetic-fill",
        "verified": null,
        "id": "ph-121"
      }
    },
    {
      "type": "Feature",
      "geometry": {
        "type": "Point",
        "coordinates": [
          88.33049,
          22.61074
        ]
      },
      "properties": {
        "name": "Apollo Pharmacy - Bhattanagar",
        "category": "pharmacy",
        "locality": "Bhattanagar",
        "address": "33/7, Liluah Road, Bhattanagar",
        "always": true,
        "hours": "Open 24 hours",
        "tags": [
          "bhattanagar",
          "bhattanagar road",
          "pharmacy",
          "chemist",
          "medicine",
          "24 hours",
          "night"
        ],
        "notes": "Small shop, surprisingly deep stock. Ring the bell if the shutter is half down.",
        "source": "synthetic-fill",
        "verified": null,
        "id": "ph-122"
      }
    },
    {
      "type": "Feature",
      "geometry": {
        "type": "Point",
        "coordinates": [
          88.29764,
          22.58424
        ]
      },
      "properties": {
        "name": "Netmeds Store - Santragachi",
        "category": "pharmacy",
        "locality": "Santragachi",
        "address": "88, Kona Expressway, Santragachi",
        "open": "08:00",
        "close": "02:30",
        "hours": "08:00 - 02:30 daily",
        "tags": [
          "santragachi",
          "kona expressway",
          "pharmacy",
          "chemist",
          "medicine",
          "24 hours",
          "night"
        ],
        "notes": "Free first-aid and BP check through the night.",
        "source": "synthetic-fill",
        "verified": null,
        "id": "ph-123"
      }
    },
    {
      "type": "Feature",
      "geometry": {
        "type": "Point",
        "coordinates": [
          88.28093,
          22.58759
        ]
      },
      "properties": {
        "name": "Aarogya Pharmacy - Andul",
        "category": "pharmacy",
        "locality": "Andul",
        "address": "87, Kona Expressway, Andul",
        "open": "07:00",
        "close": "23:30",
        "hours": "07:00 - 23:30 daily",
        "tags": [
          "andul",
          "kona expressway",
          "pharmacy",
          "chemist",
          "medicine",
          "24 hours",
          "night"
        ],
        "notes": "Free first-aid and BP check through the night.",
        "source": "synthetic-fill",
        "verified": null,
        "id": "ph-124"
      }
    },
    {
      "type": "Feature",
      "geometry": {
        "type": "Point",
        "coordinates": [
          88.26893,
          22.60756
        ]
      },
      "properties": {
        "name": "Noble Chemist - Dhulagarh",
        "category": "pharmacy",
        "locality": "Dhulagarh",
        "address": "7/1, Kona Expressway, Dhulagarh",
        "always": true,
        "hours": "Open 24 hours",
        "tags": [
          "dhulagarh",
          "n. h. 6",
          "pharmacy",
          "chemist",
          "medicine",
          "24 hours",
          "night"
        ],
        "notes": "Sells single strips and loose tablets, which most night counters will not.",
        "source": "synthetic-fill",
        "verified": null,
        "id": "ph-125"
      }
    },
    {
      "type": "Feature",
      "geometry": {
        "type": "Point",
        "coordinates": [
          88.24083,
          22.61792
        ]
      },
      "properties": {
        "name": "Dutta Medi Point - Domjur",
        "category": "pharmacy",
        "locality": "Domjur",
        "address": "107, Domjur Road, Domjur",
        "always": true,
        "hours": "Open 24 hours",
        "tags": [
          "domjur",
          "kona expressway",
          "pharmacy",
          "chemist",
          "medicine",
          "24 hours",
          "night"
        ],
        "notes": "A/C waiting area, and the staff will call a cab for you at closing time.",
        "source": "synthetic-fill",
        "verified": null,
        "id": "ph-126"
      }
    },
    {
      "type": "Feature",
      "geometry": {
        "type": "Point",
        "coordinates": [
          88.3495,
          22.5675
        ]
      },
      "properties": {
        "id": "fd-001",
        "name": "Dacres Lane Night Kitchens",
        "category": "food",
        "address": "James Hickey Sarani, Esplanade",
        "always": false,
        "open": "17:00",
        "close": "05:00",
        "hours": "17:00 - 05:00 daily",
        "notes": "Chowmein, toast-butter and chai right through the small hours. Cash preferred.",
        "tags": [
          "street food",
          "chowmein",
          "chai",
          "esplanade",
          "cheap"
        ],
        "verified": null,
        "source": "curated-seed",
        "locality": "Esplanade"
      }
    },
    {
      "type": "Feature",
      "geometry": {
        "type": "Point",
        "coordinates": [
          88.3512,
          22.5545
        ]
      },
      "properties": {
        "id": "fd-002",
        "name": "Kusum Rolls",
        "category": "food",
        "address": "17 Park Street, near Music World",
        "always": false,
        "open": "11:00",
        "close": "04:00",
        "hours": "11:00 - 04:00 daily",
        "notes": "Peak queue after 2 AM. Egg-chicken roll is the standard order.",
        "tags": [
          "rolls",
          "kathi roll",
          "park street",
          "late"
        ],
        "verified": null,
        "source": "curated-seed",
        "locality": "Park Street"
      }
    },
    {
      "type": "Feature",
      "geometry": {
        "type": "Point",
        "coordinates": [
          88.3555,
          22.582
        ]
      },
      "properties": {
        "id": "fd-003",
        "name": "Tiretti Bazaar Dawn Stalls",
        "category": "food",
        "address": "Tiretti Bazaar, Poddar Court",
        "always": false,
        "open": "04:00",
        "close": "10:00",
        "hours": "04:00 - 10:00 daily",
        "notes": "Opens at 4 AM - the closest thing to breakfast if your shift ends at 3:30 AM.",
        "tags": [
          "breakfast",
          "dumplings",
          "chinese",
          "dawn",
          "tiretti"
        ],
        "verified": null,
        "source": "curated-seed",
        "locality": "Burrabazar"
      }
    },
    {
      "type": "Feature",
      "geometry": {
        "type": "Point",
        "coordinates": [
          88.369,
          22.5395
        ]
      },
      "properties": {
        "id": "fd-004",
        "name": "Zeeshan",
        "category": "food",
        "address": "20 Syed Amir Ali Avenue, Park Circus",
        "always": false,
        "open": "11:00",
        "close": "03:30",
        "hours": "11:00 - 03:30 daily",
        "notes": "Biriyani and rolls till 3:30 AM - the exact hour a late shift finishes.",
        "tags": [
          "biriyani",
          "rolls",
          "park circus",
          "mughlai"
        ],
        "verified": null,
        "source": "curated-seed",
        "locality": "Park Circus"
      }
    },
    {
      "type": "Feature",
      "geometry": {
        "type": "Point",
        "coordinates": [
          88.3645,
          22.5255
        ]
      },
      "properties": {
        "id": "fd-005",
        "name": "Arsalan - Ballygunge",
        "category": "food",
        "address": "63/1A Rashbehari Avenue, Ballygunge",
        "always": false,
        "open": "11:30",
        "close": "03:30",
        "hours": "11:30 - 03:30 daily",
        "notes": "Kebabs and biriyani; the counter move is fastest after 1 AM.",
        "tags": [
          "biriyani",
          "kebab",
          "ballygunge",
          "mughlai"
        ],
        "verified": null,
        "source": "curated-seed",
        "locality": "Rashbehari"
      }
    },
    {
      "type": "Feature",
      "geometry": {
        "type": "Point",
        "coordinates": [
          88.3585,
          22.5665
        ]
      },
      "properties": {
        "id": "fd-006",
        "name": "Sabir's Hotel",
        "category": "food",
        "address": "Chandni Chowk, near Central Metro",
        "always": false,
        "open": "12:00",
        "close": "04:00",
        "hours": "12:00 - 04:00 daily",
        "notes": "Old-school mutton stew and paratha. Tiny place, big reputation.",
        "tags": [
          "stew",
          "paratha",
          "chandni",
          "old school"
        ],
        "verified": null,
        "source": "curated-seed",
        "locality": "Chandni Chowk"
      }
    },
    {
      "type": "Feature",
      "geometry": {
        "type": "Point",
        "coordinates": [
          88.352,
          22.5585
        ]
      },
      "properties": {
        "id": "fd-007",
        "name": "Kalika Sandwich & Rolls",
        "category": "food",
        "address": "Hogg Street, New Market",
        "always": false,
        "open": "10:00",
        "close": "02:30",
        "hours": "10:00 - 02:30 daily",
        "notes": "Toast, omelette and chai. Closes early compared with its Park Street cousins.",
        "tags": [
          "sandwich",
          "toast",
          "new market",
          "chai"
        ],
        "verified": null,
        "source": "curated-seed",
        "locality": "New Market"
      }
    },
    {
      "type": "Feature",
      "geometry": {
        "type": "Point",
        "coordinates": [
          88.353,
          22.553
        ]
      },
      "properties": {
        "id": "fd-008",
        "name": "Paradise - Park Street",
        "category": "food",
        "address": "21 Park Street",
        "always": false,
        "open": "11:00",
        "close": "04:00",
        "hours": "11:00 - 04:00 daily",
        "notes": "Roll counter stays lit long after the restaurant shutters.",
        "tags": [
          "rolls",
          "park street",
          "quick"
        ],
        "verified": null,
        "source": "curated-seed",
        "locality": "Park Street"
      }
    },
    {
      "type": "Feature",
      "geometry": {
        "type": "Point",
        "coordinates": [
          88.39,
          22.548
        ]
      },
      "properties": {
        "id": "fd-009",
        "name": "Tangra China Town Night Kitchens",
        "category": "food",
        "address": "24 New China Bazar Road, Tangra",
        "always": false,
        "open": "18:00",
        "close": "04:00",
        "hours": "18:00 - 04:00 daily",
        "notes": "Sit-down Hakka kitchens; several stay open for the late shift crowd.",
        "tags": [
          "chinese",
          "hakka",
          "tangra",
          "sit down"
        ],
        "verified": null,
        "source": "curated-seed",
        "locality": "Tangra"
      }
    },
    {
      "type": "Feature",
      "geometry": {
        "type": "Point",
        "coordinates": [
          88.433,
          22.574
        ]
      },
      "properties": {
        "id": "fd-010",
        "name": "Sector V Night Canteen",
        "category": "food",
        "address": "Behind the Wipro gate, Sector V",
        "always": false,
        "open": "20:00",
        "close": "06:00",
        "hours": "20:00 - 06:00 daily",
        "notes": "Built for the night shift: paratha, egg curry and filter coffee at 4 AM.",
        "tags": [
          "canteen",
          "night shift",
          "sector v",
          "coffee"
        ],
        "verified": null,
        "source": "curated-seed",
        "locality": "Salt Lake Sector V"
      }
    },
    {
      "type": "Feature",
      "geometry": {
        "type": "Point",
        "coordinates": [
          88.336,
          22.556
        ]
      },
      "properties": {
        "id": "fd-011",
        "name": "Princep Ghat Tea & Maggi Stalls",
        "category": "food",
        "address": "Strand Road, Princep Ghat",
        "always": false,
        "open": "16:00",
        "close": "04:00",
        "hours": "16:00 - 04:00 daily",
        "notes": "Bench seating by the river, lit until around 4 AM. Good place to wait out a cab.",
        "tags": [
          "tea",
          "chai",
          "maggi",
          "river",
          "princep ghat"
        ],
        "verified": null,
        "source": "curated-seed",
        "locality": "Princep Ghat"
      }
    },
    {
      "type": "Feature",
      "geometry": {
        "type": "Point",
        "coordinates": [
          88.35102,
          22.56152
        ]
      },
      "properties": {
        "name": "Momos & More - Esplanade",
        "category": "food",
        "locality": "Esplanade",
        "address": "12/5, Chowringhee Road, Esplanade",
        "open": "11:00",
        "close": "04:00",
        "hours": "11:00 - 04:00 daily",
        "tags": [
          "esplanade",
          "bentinck street",
          "food",
          "street food",
          "late night",
          "chai",
          "rolls",
          "night"
        ],
        "notes": "Bench seating under a tarpaulin. Fine in the rain, better in winter.",
        "source": "synthetic-fill",
        "verified": null,
        "id": "fd-012"
      }
    },
    {
      "type": "Feature",
      "geometry": {
        "type": "Point",
        "coordinates": [
          88.35099,
          22.5694
        ]
      },
      "properties": {
        "name": "Seal Kabab Corner - Dalhousie Square",
        "category": "food",
        "locality": "Dalhousie Square",
        "address": "127, Old Court House Street, Dalhousie Square",
        "open": "11:00",
        "close": "04:00",
        "hours": "11:00 - 04:00 daily",
        "tags": [
          "dalhousie square",
          "netaji subhas road",
          "food",
          "street food",
          "late night",
          "chai",
          "rolls",
          "night"
        ],
        "notes": "Sells to taxi and auto drivers at a fixed night rate - ask for it.",
        "source": "synthetic-fill",
        "verified": null,
        "id": "fd-013"
      }
    },
    {
      "type": "Feature",
      "geometry": {
        "type": "Point",
        "coordinates": [
          88.36001,
          22.56491
        ]
      },
      "properties": {
        "name": "Mithai Ghar - Chandni Chowk",
        "category": "food",
        "locality": "Chandni Chowk",
        "address": "103, Rabindra Sarani, Chandni Chowk",
        "open": "18:00",
        "close": "03:30",
        "hours": "18:00 - 03:30 daily",
        "tags": [
          "chandni chowk",
          "chandni chowk street",
          "food",
          "street food",
          "late night",
          "chai",
          "rolls",
          "night"
        ],
        "notes": "Sells to taxi and auto drivers at a fixed night rate - ask for it.",
        "source": "synthetic-fill",
        "verified": null,
        "id": "fd-014"
      }
    },
    {
      "type": "Feature",
      "geometry": {
        "type": "Point",
        "coordinates": [
          88.35762,
          22.5778
        ]
      },
      "properties": {
        "name": "Saha Biriyani House - Burrabazar",
        "category": "food",
        "locality": "Burrabazar",
        "address": "166, Canning Street, Burrabazar",
        "open": "18:00",
        "close": "03:30",
        "hours": "18:00 - 03:30 daily",
        "tags": [
          "burrabazar",
          "canning street",
          "food",
          "street food",
          "late night",
          "chai",
          "rolls",
          "night"
        ],
        "notes": "Maggi, omelette and chai until about 4 AM, then shuts for the morning market.",
        "source": "synthetic-fill",
        "verified": null,
        "id": "fd-015"
      }
    },
    {
      "type": "Feature",
      "geometry": {
        "type": "Point",
        "coordinates": [
          88.36145,
          22.56658
        ]
      },
      "properties": {
        "name": "Hakka Chowmein Centre - Bowbazar",
        "category": "food",
        "locality": "Bowbazar",
        "address": "9/2, Surya Sen Street, Bowbazar",
        "open": "17:00",
        "close": "05:00",
        "hours": "17:00 - 05:00 daily",
        "tags": [
          "bowbazar",
          "college street",
          "food",
          "street food",
          "late night",
          "chai",
          "rolls",
          "night"
        ],
        "notes": "Peak queue after 2 AM; the egg-chicken double roll is the standard order.",
        "source": "synthetic-fill",
        "verified": null,
        "id": "fd-016"
      }
    },
    {
      "type": "Feature",
      "geometry": {
        "type": "Point",
        "coordinates": [
          88.36179,
          22.57662
        ]
      },
      "properties": {
        "name": "Wok & Roll Fast Food - College Street",
        "category": "food",
        "locality": "College Street",
        "address": "89C, Mahatma Gandhi Road, College Street",
        "open": "17:00",
        "close": "05:00",
        "hours": "17:00 - 05:00 daily",
        "tags": [
          "college street",
          "mahatma gandhi road",
          "food",
          "street food",
          "late night",
          "chai",
          "rolls",
          "night"
        ],
        "notes": "Bench seating under a tarpaulin. Fine in the rain, better in winter.",
        "source": "synthetic-fill",
        "verified": null,
        "id": "fd-017"
      }
    },
    {
      "type": "Feature",
      "geometry": {
        "type": "Point",
        "coordinates": [
          88.3727,
          22.567
        ]
      },
      "properties": {
        "name": "Chakraborty Paratha Ghar - Sealdah",
        "category": "food",
        "locality": "Sealdah",
        "address": "129, Acharya Prafulla Chandra Road, Sealdah",
        "open": "20:00",
        "close": "04:30",
        "hours": "20:00 - 04:30 daily",
        "tags": [
          "sealdah",
          "acharya prafulla chandra road",
          "food",
          "street food",
          "late night",
          "chai",
          "rolls",
          "night"
        ],
        "notes": "Woks only fire up after 7 PM; before that it is a tea shop.",
        "source": "synthetic-fill",
        "verified": null,
        "id": "fd-018"
      }
    },
    {
      "type": "Feature",
      "geometry": {
        "type": "Point",
        "coordinates": [
          88.38016,
          22.56334
        ]
      },
      "properties": {
        "name": "Kolkata Biriyani Counter - Entally",
        "category": "food",
        "locality": "Entally",
        "address": "37, Anath Nath Deb Lane, Entally",
        "open": "04:00",
        "close": "10:30",
        "hours": "04:00 - 10:30 daily",
        "tags": [
          "entally",
          "anath nath deb lane",
          "food",
          "street food",
          "late night",
          "chai",
          "rolls",
          "night"
        ],
        "notes": "Dawn kitchen: stew, bread and tea for the shift-change crowd from 4 AM.",
        "source": "synthetic-fill",
        "verified": null,
        "id": "fd-019"
      }
    },
    {
      "type": "Feature",
      "geometry": {
        "type": "Point",
        "coordinates": [
          88.36007,
          22.55416
        ]
      },
      "properties": {
        "name": "Hotel Adhikary Fast Food - Taltala",
        "category": "food",
        "locality": "Taltala",
        "address": "70A, Simla Street, Taltala",
        "open": "17:00",
        "close": "05:00",
        "hours": "17:00 - 05:00 daily",
        "tags": [
          "taltala",
          "taltala lane",
          "food",
          "street food",
          "late night",
          "chai",
          "rolls",
          "night"
        ],
        "notes": "Ask for the night plate: smaller portion, lower price, same taste.",
        "source": "synthetic-fill",
        "verified": null,
        "id": "fd-020"
      }
    },
    {
      "type": "Feature",
      "geometry": {
        "type": "Point",
        "coordinates": [
          88.35135,
          22.55456
        ]
      },
      "properties": {
        "name": "Bhowmik Hotel Night Kitchen - Park Street",
        "category": "food",
        "locality": "Park Street",
        "address": "19/1, Park Street, Park Street",
        "open": "17:00",
        "close": "05:00",
        "hours": "17:00 - 05:00 daily",
        "tags": [
          "park street",
          "chowringhee road",
          "food",
          "street food",
          "late night",
          "chai",
          "rolls",
          "night"
        ],
        "notes": "The kettle stays on the boil all night; toast-butter is the house staple.",
        "source": "synthetic-fill",
        "verified": null,
        "id": "fd-021"
      }
    },
    {
      "type": "Feature",
      "geometry": {
        "type": "Point",
        "coordinates": [
          88.35406,
          22.55743
        ]
      },
      "properties": {
        "name": "Shift Canteen - New Market",
        "category": "food",
        "locality": "New Market",
        "address": "17/5, Hogg Street, New Market",
        "open": "19:00",
        "close": "06:00",
        "hours": "19:00 - 06:00 daily",
        "tags": [
          "new market",
          "lindsay street",
          "food",
          "street food",
          "late night",
          "chai",
          "rolls",
          "night"
        ],
        "notes": "Peak queue after 2 AM; the egg-chicken double roll is the standard order.",
        "source": "synthetic-fill",
        "verified": null,
        "id": "fd-022"
      }
    },
    {
      "type": "Feature",
      "geometry": {
        "type": "Point",
        "coordinates": [
          88.37194,
          22.54123
        ]
      },
      "properties": {
        "name": "Park Circus Tea Cabin",
        "category": "food",
        "locality": "Park Circus",
        "address": "9, Syed Amir Ali Avenue, Park Circus",
        "open": "11:00",
        "close": "04:00",
        "hours": "11:00 - 04:00 daily",
        "tags": [
          "park circus",
          "a. j. c. bose road",
          "food",
          "street food",
          "late night",
          "chai",
          "rolls",
          "night"
        ],
        "notes": "Woks only fire up after 7 PM; before that it is a tea shop.",
        "source": "synthetic-fill",
        "verified": null,
        "id": "fd-023"
      }
    },
    {
      "type": "Feature",
      "geometry": {
        "type": "Point",
        "coordinates": [
          88.35194,
          22.54323
        ]
      },
      "properties": {
        "name": "Kolkata Street Bites - Minto Park",
        "category": "food",
        "locality": "Minto Park",
        "address": "64A, Sarat Bose Road, Minto Park",
        "open": "11:00",
        "close": "04:00",
        "hours": "11:00 - 04:00 daily",
        "tags": [
          "minto park",
          "elgin road",
          "food",
          "street food",
          "late night",
          "chai",
          "rolls",
          "night"
        ],
        "notes": "Ask for the night plate: smaller portion, lower price, same taste.",
        "source": "synthetic-fill",
        "verified": null,
        "id": "fd-024"
      }
    },
    {
      "type": "Feature",
      "geometry": {
        "type": "Point",
        "coordinates": [
          88.34736,
          22.53484
        ]
      },
      "properties": {
        "name": "Ghosh Kabab Corner - Bhowanipore",
        "category": "food",
        "locality": "Bhowanipore",
        "address": "130, Hazra Road, Bhowanipore",
        "open": "18:00",
        "close": "03:30",
        "hours": "18:00 - 03:30 daily",
        "tags": [
          "bhowanipore",
          "hazra road",
          "food",
          "street food",
          "late night",
          "chai",
          "rolls",
          "night"
        ],
        "notes": "Maggi, omelette and chai until about 4 AM, then shuts for the morning market.",
        "source": "synthetic-fill",
        "verified": null,
        "id": "fd-025"
      }
    },
    {
      "type": "Feature",
      "geometry": {
        "type": "Point",
        "coordinates": [
          88.34573,
          22.51946
        ]
      },
      "properties": {
        "name": "Bhattacharya Kabab Corner - Kalighat",
        "category": "food",
        "locality": "Kalighat",
        "address": "87A, Shyama Prasad Mukherjee Road, Kalighat",
        "open": "20:00",
        "close": "04:30",
        "hours": "20:00 - 04:30 daily",
        "tags": [
          "kalighat",
          "shyama prasad mukherjee road",
          "food",
          "street food",
          "late night",
          "chai",
          "rolls",
          "night"
        ],
        "notes": "Cash and UPI both work; the owner keeps change for cab drivers.",
        "source": "synthetic-fill",
        "verified": null,
        "id": "fd-026"
      }
    },
    {
      "type": "Feature",
      "geometry": {
        "type": "Point",
        "coordinates": [
          88.33214,
          22.53406
        ]
      },
      "properties": {
        "name": "Alipore Roll Centre",
        "category": "food",
        "locality": "Alipore",
        "address": "14/6, B. M. Road, Alipore",
        "open": "17:00",
        "close": "05:00",
        "hours": "17:00 - 05:00 daily",
        "tags": [
          "alipore",
          "b. m. road",
          "food",
          "street food",
          "late night",
          "chai",
          "rolls",
          "night"
        ],
        "notes": "Opens for the night-shift crowd - paratha and egg curry till sunrise.",
        "source": "synthetic-fill",
        "verified": null,
        "id": "fd-027"
      }
    },
    {
      "type": "Feature",
      "geometry": {
        "type": "Point",
        "coordinates": [
          88.34578,
          22.50053
        ]
      },
      "properties": {
        "name": "Sen Chinese Corner - Tollygunge",
        "category": "food",
        "locality": "Tollygunge",
        "address": "128, Tollygunge Circular Road, Tollygunge",
        "open": "04:00",
        "close": "10:30",
        "hours": "04:00 - 10:30 daily",
        "tags": [
          "tollygunge",
          "deshapran sashmal road",
          "food",
          "street food",
          "late night",
          "chai",
          "rolls",
          "night"
        ],
        "notes": "By 4:30 there is a queue of night-shift workers here. Worth the wait.",
        "source": "synthetic-fill",
        "verified": null,
        "id": "fd-028"
      }
    },
    {
      "type": "Feature",
      "geometry": {
        "type": "Point",
        "coordinates": [
          88.3429,
          22.55873
        ]
      },
      "properties": {
        "name": "Mughlai Nights - Maidan",
        "category": "food",
        "locality": "Maidan",
        "address": "72, Cathedral Road, Maidan",
        "open": "17:00",
        "close": "05:00",
        "hours": "17:00 - 05:00 daily",
        "tags": [
          "maidan",
          "outram road",
          "food",
          "street food",
          "late night",
          "chai",
          "rolls",
          "night"
        ],
        "notes": "Peak queue after 2 AM; the egg-chicken double roll is the standard order.",
        "source": "synthetic-fill",
        "verified": null,
        "id": "fd-029"
      }
    },
    {
      "type": "Feature",
      "geometry": {
        "type": "Point",
        "coordinates": [
          88.34338,
          22.5423
        ]
      },
      "properties": {
        "name": "Kolkata Roll Corner - Rabindra Sadan",
        "category": "food",
        "locality": "Rabindra Sadan",
        "address": "31/3, A. J. C. Bose Road, Rabindra Sadan",
        "always": true,
        "hours": "Open 24 hours",
        "tags": [
          "rabindra sadan",
          "a. j. c. bose road",
          "food",
          "street food",
          "late night",
          "chai",
          "rolls",
          "night"
        ],
        "notes": "Bench seating under a tarpaulin. Fine in the rain, better in winter.",
        "source": "synthetic-fill",
        "verified": null,
        "id": "fd-030"
      }
    },
    {
      "type": "Feature",
      "geometry": {
        "type": "Point",
        "coordinates": [
          88.35105,
          22.5154
        ]
      },
      "properties": {
        "name": "Shift Canteen - Rashbehari",
        "category": "food",
        "locality": "Rashbehari",
        "address": "9/2, Rashbehari Avenue, Rashbehari",
        "open": "17:00",
        "close": "05:00",
        "hours": "17:00 - 05:00 daily",
        "tags": [
          "rashbehari",
          "southern avenue",
          "food",
          "street food",
          "late night",
          "chai",
          "rolls",
          "night"
        ],
        "notes": "The kettle stays on the boil all night; toast-butter is the house staple.",
        "source": "synthetic-fill",
        "verified": null,
        "id": "fd-031"
      }
    },
    {
      "type": "Feature",
      "geometry": {
        "type": "Point",
        "coordinates": [
          88.36417,
          22.52196
        ]
      },
      "properties": {
        "name": "Mondal Paratha Ghar - Ballygunge",
        "category": "food",
        "locality": "Ballygunge",
        "address": "169, Ballygunge Place, Ballygunge",
        "open": "18:00",
        "close": "03:30",
        "hours": "18:00 - 03:30 daily",
        "tags": [
          "ballygunge",
          "rashbehari avenue",
          "food",
          "street food",
          "late night",
          "chai",
          "rolls",
          "night"
        ],
        "notes": "Opens for the night-shift crowd - paratha and egg curry till sunrise.",
        "source": "synthetic-fill",
        "verified": null,
        "id": "fd-032"
      }
    },
    {
      "type": "Feature",
      "geometry": {
        "type": "Point",
        "coordinates": [
          88.36864,
          22.51576
        ]
      },
      "properties": {
        "name": "Dim Paratha Gali - Gariahat",
        "category": "food",
        "locality": "Gariahat",
        "address": "27, Gariahat Road, Gariahat",
        "open": "20:00",
        "close": "04:30",
        "hours": "20:00 - 04:30 daily",
        "tags": [
          "gariahat",
          "rashbehari avenue",
          "food",
          "street food",
          "late night",
          "chai",
          "rolls",
          "night"
        ],
        "notes": "Opens for the night-shift crowd - paratha and egg curry till sunrise.",
        "source": "synthetic-fill",
        "verified": null,
        "id": "fd-033"
      }
    },
    {
      "type": "Feature",
      "geometry": {
        "type": "Point",
        "coordinates": [
          88.36727,
          22.50966
        ]
      },
      "properties": {
        "name": "Hotel Kundu Fast Food - Golpark",
        "category": "food",
        "locality": "Golpark",
        "address": "131, Gariahat Road, Golpark",
        "open": "18:00",
        "close": "03:30",
        "hours": "18:00 - 03:30 daily",
        "tags": [
          "golpark",
          "rammohan roy road",
          "food",
          "street food",
          "late night",
          "chai",
          "rolls",
          "night"
        ],
        "notes": "The kettle stays on the boil all night; toast-butter is the house staple.",
        "source": "synthetic-fill",
        "verified": null,
        "id": "fd-034"
      }
    },
    {
      "type": "Feature",
      "geometry": {
        "type": "Point",
        "coordinates": [
          88.36557,
          22.50829
        ]
      },
      "properties": {
        "name": "Das Biriyani House - Dhakuria",
        "category": "food",
        "locality": "Dhakuria",
        "address": "132, Dhakuria Bridge Road, Dhakuria",
        "open": "04:00",
        "close": "10:30",
        "hours": "04:00 - 10:30 daily",
        "tags": [
          "dhakuria",
          "prince anwar shah road",
          "food",
          "street food",
          "late night",
          "chai",
          "rolls",
          "night"
        ],
        "notes": "Opens at 4 AM - the closest thing to breakfast if your shift ends at 3:30.",
        "source": "synthetic-fill",
        "verified": null,
        "id": "fd-035"
      }
    },
    {
      "type": "Feature",
      "geometry": {
        "type": "Point",
        "coordinates": [
          88.36996,
          22.50138
        ]
      },
      "properties": {
        "name": "Bhowmik Biriyani House - Jadavpur",
        "category": "food",
        "locality": "Jadavpur",
        "address": "16/9, Prince Anwar Shah Road, Jadavpur",
        "open": "20:00",
        "close": "04:30",
        "hours": "20:00 - 04:30 daily",
        "tags": [
          "jadavpur",
          "jadavpur central road",
          "food",
          "street food",
          "late night",
          "chai",
          "rolls",
          "night"
        ],
        "notes": "Sells to taxi and auto drivers at a fixed night rate - ask for it.",
        "source": "synthetic-fill",
        "verified": null,
        "id": "fd-036"
      }
    },
    {
      "type": "Feature",
      "geometry": {
        "type": "Point",
        "coordinates": [
          88.35899,
          22.50941
        ]
      },
      "properties": {
        "name": "Jodhpur Park Night Canteen",
        "category": "food",
        "locality": "Jodhpur Park",
        "address": "38/1, Jodhpur Park Road, Jodhpur Park",
        "open": "17:00",
        "close": "05:00",
        "hours": "17:00 - 05:00 daily",
        "tags": [
          "jodhpur park",
          "prince anwar shah road",
          "food",
          "street food",
          "late night",
          "chai",
          "rolls",
          "night"
        ],
        "notes": "Cash and UPI both work; the owner keeps change for cab drivers.",
        "source": "synthetic-fill",
        "verified": null,
        "id": "fd-037"
      }
    },
    {
      "type": "Feature",
      "geometry": {
        "type": "Point",
        "coordinates": [
          88.32522,
          22.54029
        ]
      },
      "properties": {
        "name": "Night Chai & Toast - Kidderpore",
        "category": "food",
        "locality": "Kidderpore",
        "address": "47, K. B. Sarani, Kidderpore",
        "open": "18:00",
        "close": "03:30",
        "hours": "18:00 - 03:30 daily",
        "tags": [
          "kidderpore",
          "diamond harbour road",
          "food",
          "street food",
          "late night",
          "chai",
          "rolls",
          "night"
        ],
        "notes": "Bench seating under a tarpaulin. Fine in the rain, better in winter.",
        "source": "synthetic-fill",
        "verified": null,
        "id": "fd-038"
      }
    },
    {
      "type": "Feature",
      "geometry": {
        "type": "Point",
        "coordinates": [
          88.32885,
          22.54303
        ]
      },
      "properties": {
        "name": "Bose Egg Roll Centre - Watgunge",
        "category": "food",
        "locality": "Watgunge",
        "address": "98, Diamond Harbour Road, Watgunge",
        "open": "04:00",
        "close": "10:30",
        "hours": "04:00 - 10:30 daily",
        "tags": [
          "watgunge",
          "diamond harbour road",
          "food",
          "street food",
          "late night",
          "chai",
          "rolls",
          "night"
        ],
        "notes": "Opens at 4 AM - the closest thing to breakfast if your shift ends at 3:30.",
        "source": "synthetic-fill",
        "verified": null,
        "id": "fd-039"
      }
    },
    {
      "type": "Feature",
      "geometry": {
        "type": "Point",
        "coordinates": [
          88.32681,
          22.54946
        ]
      },
      "properties": {
        "name": "Hastings Puchka Corner",
        "category": "food",
        "locality": "Hastings",
        "address": "12, Strand Road, Hastings",
        "open": "10:00",
        "close": "23:30",
        "hours": "10:00 - 23:30 daily",
        "tags": [
          "hastings",
          "mayo road",
          "food",
          "street food",
          "late night",
          "chai",
          "rolls",
          "night"
        ],
        "notes": "Maggi, omelette and chai until about 4 AM, then shuts for the morning market.",
        "source": "synthetic-fill",
        "verified": null,
        "id": "fd-040"
      }
    },
    {
      "type": "Feature",
      "geometry": {
        "type": "Point",
        "coordinates": [
          88.33588,
          22.5586
        ]
      },
      "properties": {
        "name": "Babughat Puchka Corner",
        "category": "food",
        "locality": "Babughat",
        "address": "37/1, Mayo Road, Babughat",
        "open": "17:00",
        "close": "05:00",
        "hours": "17:00 - 05:00 daily",
        "tags": [
          "babughat",
          "mayo road",
          "food",
          "street food",
          "late night",
          "chai",
          "rolls",
          "night"
        ],
        "notes": "Bench seating under a tarpaulin. Fine in the rain, better in winter.",
        "source": "synthetic-fill",
        "verified": null,
        "id": "fd-041"
      }
    },
    {
      "type": "Feature",
      "geometry": {
        "type": "Point",
        "coordinates": [
          88.33446,
          22.55773
        ]
      },
      "properties": {
        "name": "Princep Ghat Tea Cabin",
        "category": "food",
        "locality": "Princep Ghat",
        "address": "167, St. Georges Gate Road, Princep Ghat",
        "open": "10:00",
        "close": "23:30",
        "hours": "10:00 - 23:30 daily",
        "tags": [
          "princep ghat",
          "st. georges gate road",
          "food",
          "street food",
          "late night",
          "chai",
          "rolls",
          "night"
        ],
        "notes": "Cash and UPI both work; the owner keeps change for cab drivers.",
        "source": "synthetic-fill",
        "verified": null,
        "id": "fd-042"
      }
    },
    {
      "type": "Feature",
      "geometry": {
        "type": "Point",
        "coordinates": [
          88.28768,
          22.51854
        ]
      },
      "properties": {
        "name": "Mondal Biriyani House - Metiabruz",
        "category": "food",
        "locality": "Metiabruz",
        "address": "161, Bichali Ghat Road, Metiabruz",
        "open": "04:00",
        "close": "10:30",
        "hours": "04:00 - 10:30 daily",
        "tags": [
          "metiabruz",
          "bichali ghat road",
          "food",
          "street food",
          "late night",
          "chai",
          "rolls",
          "night"
        ],
        "notes": "Dawn kitchen: stew, bread and tea for the shift-change crowd from 4 AM.",
        "source": "synthetic-fill",
        "verified": null,
        "id": "fd-043"
      }
    },
    {
      "type": "Feature",
      "geometry": {
        "type": "Point",
        "coordinates": [
          88.30242,
          22.54416
        ]
      },
      "properties": {
        "name": "Chung Wah Fast Food - Garden Reach",
        "category": "food",
        "locality": "Garden Reach",
        "address": "38/9, Paharpur Road, Garden Reach",
        "open": "10:00",
        "close": "23:30",
        "hours": "10:00 - 23:30 daily",
        "tags": [
          "garden reach",
          "paharpur road",
          "food",
          "street food",
          "late night",
          "chai",
          "rolls",
          "night"
        ],
        "notes": "Maggi, omelette and chai until about 4 AM, then shuts for the morning market.",
        "source": "synthetic-fill",
        "verified": null,
        "id": "fd-044"
      }
    },
    {
      "type": "Feature",
      "geometry": {
        "type": "Point",
        "coordinates": [
          88.31411,
          22.50703
        ]
      },
      "properties": {
        "name": "Wok & Roll Fast Food - Taratala",
        "category": "food",
        "locality": "Taratala",
        "address": "162, Diamond Harbour Road, Taratala",
        "open": "04:00",
        "close": "10:30",
        "hours": "04:00 - 10:30 daily",
        "tags": [
          "taratala",
          "m. g. road",
          "food",
          "street food",
          "late night",
          "chai",
          "rolls",
          "night"
        ],
        "notes": "Dawn kitchen: stew, bread and tea for the shift-change crowd from 4 AM.",
        "source": "synthetic-fill",
        "verified": null,
        "id": "fd-045"
      }
    },
    {
      "type": "Feature",
      "geometry": {
        "type": "Point",
        "coordinates": [
          88.31504,
          22.50293
        ]
      },
      "properties": {
        "name": "Chanda Tea Stall - Behala Chowrasta",
        "category": "food",
        "locality": "Behala Chowrasta",
        "address": "125, Behala Chowrasta Road, Behala Chowrasta",
        "open": "20:00",
        "close": "04:30",
        "hours": "20:00 - 04:30 daily",
        "tags": [
          "behala chowrasta",
          "diamond harbour road",
          "food",
          "street food",
          "late night",
          "chai",
          "rolls",
          "night"
        ],
        "notes": "Bench seating under a tarpaulin. Fine in the rain, better in winter.",
        "source": "synthetic-fill",
        "verified": null,
        "id": "fd-046"
      }
    },
    {
      "type": "Feature",
      "geometry": {
        "type": "Point",
        "coordinates": [
          88.30235,
          22.49609
        ]
      },
      "properties": {
        "name": "Mondal Roll Corner - Sakherbazar",
        "category": "food",
        "locality": "Sakherbazar",
        "address": "32/9, James Long Sarani, Sakherbazar",
        "open": "18:00",
        "close": "03:30",
        "hours": "18:00 - 03:30 daily",
        "tags": [
          "sakherbazar",
          "james long sarani",
          "food",
          "street food",
          "late night",
          "chai",
          "rolls",
          "night"
        ],
        "notes": "The kettle stays on the boil all night; toast-butter is the house staple.",
        "source": "synthetic-fill",
        "verified": null,
        "id": "fd-047"
      }
    },
    {
      "type": "Feature",
      "geometry": {
        "type": "Point",
        "coordinates": [
          88.29869,
          22.48051
        ]
      },
      "properties": {
        "name": "Adda Tea Stall - Thakurpukur",
        "category": "food",
        "locality": "Thakurpukur",
        "address": "60, Diamond Harbour Road, Thakurpukur",
        "open": "10:00",
        "close": "23:30",
        "hours": "10:00 - 23:30 daily",
        "tags": [
          "thakurpukur",
          "james long sarani",
          "food",
          "street food",
          "late night",
          "chai",
          "rolls",
          "night"
        ],
        "notes": "Bench seating under a tarpaulin. Fine in the rain, better in winter.",
        "source": "synthetic-fill",
        "verified": null,
        "id": "fd-048"
      }
    },
    {
      "type": "Feature",
      "geometry": {
        "type": "Point",
        "coordinates": [
          88.30043,
          22.50765
        ]
      },
      "properties": {
        "name": "Bhai Bhai Biriyani - Parnasree",
        "category": "food",
        "locality": "Parnasree",
        "address": "158, Diamond Harbour Road, Parnasree",
        "open": "10:00",
        "close": "23:30",
        "hours": "10:00 - 23:30 daily",
        "tags": [
          "parnasree",
          "parnasree pally road",
          "food",
          "street food",
          "late night",
          "chai",
          "rolls",
          "night"
        ],
        "notes": "Sells to taxi and auto drivers at a fixed night rate - ask for it.",
        "source": "synthetic-fill",
        "verified": null,
        "id": "fd-049"
      }
    },
    {
      "type": "Feature",
      "geometry": {
        "type": "Point",
        "coordinates": [
          88.28893,
          22.4891
        ]
      },
      "properties": {
        "name": "Sarsuna Night Canteen",
        "category": "food",
        "locality": "Sarsuna",
        "address": "33, Sarsuna Main Road, Sarsuna",
        "open": "17:00",
        "close": "05:00",
        "hours": "17:00 - 05:00 daily",
        "tags": [
          "sarsuna",
          "diamond harbour road",
          "food",
          "street food",
          "late night",
          "chai",
          "rolls",
          "night"
        ],
        "notes": "Ask for the night plate: smaller portion, lower price, same taste.",
        "source": "synthetic-fill",
        "verified": null,
        "id": "fd-050"
      }
    },
    {
      "type": "Feature",
      "geometry": {
        "type": "Point",
        "coordinates": [
          88.33103,
          22.49201
        ]
      },
      "properties": {
        "name": "Haridevpur Roll Centre",
        "category": "food",
        "locality": "Haridevpur",
        "address": "34/7, Tollygunge Circular Road, Haridevpur",
        "open": "19:00",
        "close": "06:00",
        "hours": "19:00 - 06:00 daily",
        "tags": [
          "haridevpur",
          "tollygunge circular road",
          "food",
          "street food",
          "late night",
          "chai",
          "rolls",
          "night"
        ],
        "notes": "Woks only fire up after 7 PM; before that it is a tea shop.",
        "source": "synthetic-fill",
        "verified": null,
        "id": "fd-051"
      }
    },
    {
      "type": "Feature",
      "geometry": {
        "type": "Point",
        "coordinates": [
          88.35569,
          22.49565
        ]
      },
      "properties": {
        "name": "Chakraborty Ghugni & Churmur - Naktala",
        "category": "food",
        "locality": "Naktala",
        "address": "9, N. S. C. Bose Road, Naktala",
        "open": "19:00",
        "close": "06:00",
        "hours": "19:00 - 06:00 daily",
        "tags": [
          "naktala",
          "naktala road",
          "food",
          "street food",
          "late night",
          "chai",
          "rolls",
          "night"
        ],
        "notes": "Peak queue after 2 AM; the egg-chicken double roll is the standard order.",
        "source": "synthetic-fill",
        "verified": null,
        "id": "fd-052"
      }
    },
    {
      "type": "Feature",
      "geometry": {
        "type": "Point",
        "coordinates": [
          88.35956,
          22.4874
        ]
      },
      "properties": {
        "name": "Chakraborty Kabab Corner - Bansdroni",
        "category": "food",
        "locality": "Bansdroni",
        "address": "15, N. S. C. Bose Road, Bansdroni",
        "open": "18:00",
        "close": "03:30",
        "hours": "18:00 - 03:30 daily",
        "tags": [
          "bansdroni",
          "n. s. c. bose road",
          "food",
          "street food",
          "late night",
          "chai",
          "rolls",
          "night"
        ],
        "notes": "Cash and UPI both work; the owner keeps change for cab drivers.",
        "source": "synthetic-fill",
        "verified": null,
        "id": "fd-053"
      }
    },
    {
      "type": "Feature",
      "geometry": {
        "type": "Point",
        "coordinates": [
          88.37461,
          22.46746
        ]
      },
      "properties": {
        "name": "Chowmein Gali - Garia",
        "category": "food",
        "locality": "Garia",
        "address": "96B, Boral Main Road, Garia",
        "open": "20:00",
        "close": "04:30",
        "hours": "20:00 - 04:30 daily",
        "tags": [
          "garia",
          "garia main road",
          "food",
          "street food",
          "late night",
          "chai",
          "rolls",
          "night"
        ],
        "notes": "Cash and UPI both work; the owner keeps change for cab drivers.",
        "source": "synthetic-fill",
        "verified": null,
        "id": "fd-054"
      }
    },
    {
      "type": "Feature",
      "geometry": {
        "type": "Point",
        "coordinates": [
          88.397,
          22.47581
        ]
      },
      "properties": {
        "name": "Mithai Ghar - New Garia",
        "category": "food",
        "locality": "New Garia",
        "address": "61, Satyen Roy Road, New Garia",
        "open": "10:00",
        "close": "23:30",
        "hours": "10:00 - 23:30 daily",
        "tags": [
          "new garia",
          "satyen roy road",
          "food",
          "street food",
          "late night",
          "chai",
          "rolls",
          "night"
        ],
        "notes": "Ask for the night plate: smaller portion, lower price, same taste.",
        "source": "synthetic-fill",
        "verified": null,
        "id": "fd-055"
      }
    },
    {
      "type": "Feature",
      "geometry": {
        "type": "Point",
        "coordinates": [
          88.39027,
          22.47229
        ]
      },
      "properties": {
        "name": "Adda Tea Stall - Patuli",
        "category": "food",
        "locality": "Patuli",
        "address": "24/4, Patuli Main Road, Patuli",
        "open": "20:00",
        "close": "04:30",
        "hours": "20:00 - 04:30 daily",
        "tags": [
          "patuli",
          "baishnabghata road",
          "food",
          "street food",
          "late night",
          "chai",
          "rolls",
          "night"
        ],
        "notes": "Ask for the night plate: smaller portion, lower price, same taste.",
        "source": "synthetic-fill",
        "verified": null,
        "id": "fd-056"
      }
    },
    {
      "type": "Feature",
      "geometry": {
        "type": "Point",
        "coordinates": [
          88.37389,
          22.48343
        ]
      },
      "properties": {
        "name": "Hot Roll Junction - Baghajatin",
        "category": "food",
        "locality": "Baghajatin",
        "address": "26, Raja S. C. Mallick Road, Baghajatin",
        "open": "20:00",
        "close": "04:30",
        "hours": "20:00 - 04:30 daily",
        "tags": [
          "baghajatin",
          "baghajatin road",
          "food",
          "street food",
          "late night",
          "chai",
          "rolls",
          "night"
        ],
        "notes": "Ask for the night plate: smaller portion, lower price, same taste.",
        "source": "synthetic-fill",
        "verified": null,
        "id": "fd-057"
      }
    },
    {
      "type": "Feature",
      "geometry": {
        "type": "Point",
        "coordinates": [
          88.3885,
          22.48815
        ]
      },
      "properties": {
        "name": "Bhai Bhai Biriyani - Bikramgarh",
        "category": "food",
        "locality": "Bikramgarh",
        "address": "121, Baghajatin Road, Bikramgarh",
        "open": "20:00",
        "close": "04:30",
        "hours": "20:00 - 04:30 daily",
        "tags": [
          "bikramgarh",
          "bikramgarh road",
          "food",
          "street food",
          "late night",
          "chai",
          "rolls",
          "night"
        ],
        "notes": "The kettle stays on the boil all night; toast-butter is the house staple.",
        "source": "synthetic-fill",
        "verified": null,
        "id": "fd-058"
      }
    },
    {
      "type": "Feature",
      "geometry": {
        "type": "Point",
        "coordinates": [
          88.39011,
          22.48897
        ]
      },
      "properties": {
        "name": "Bhowmik Chinese Corner - Santoshpur",
        "category": "food",
        "locality": "Santoshpur",
        "address": "28/4, Kavi Nazrul Road, Santoshpur",
        "open": "17:00",
        "close": "05:00",
        "hours": "17:00 - 05:00 daily",
        "tags": [
          "santoshpur",
          "santoshpur main road",
          "food",
          "street food",
          "late night",
          "chai",
          "rolls",
          "night"
        ],
        "notes": "Chowmein, egg roll and chai right through the small hours. Cash preferred.",
        "source": "synthetic-fill",
        "verified": null,
        "id": "fd-059"
      }
    },
    {
      "type": "Feature",
      "geometry": {
        "type": "Point",
        "coordinates": [
          88.39588,
          22.4981
        ]
      },
      "properties": {
        "name": "Chai Ghor - Mukundapur",
        "category": "food",
        "locality": "Mukundapur",
        "address": "85B, Mukundapur Main Road, Mukundapur",
        "open": "20:00",
        "close": "04:30",
        "hours": "20:00 - 04:30 daily",
        "tags": [
          "mukundapur",
          "nayabad road",
          "food",
          "street food",
          "late night",
          "chai",
          "rolls",
          "night"
        ],
        "notes": "Opens for the night-shift crowd - paratha and egg curry till sunrise.",
        "source": "synthetic-fill",
        "verified": null,
        "id": "fd-060"
      }
    },
    {
      "type": "Feature",
      "geometry": {
        "type": "Point",
        "coordinates": [
          88.40501,
          22.51108
        ]
      },
      "properties": {
        "name": "Chakraborty Hotel Night Kitchen - Anandapur",
        "category": "food",
        "locality": "Anandapur",
        "address": "28/3, E. M. Bypass, Anandapur",
        "open": "10:00",
        "close": "23:30",
        "hours": "10:00 - 23:30 daily",
        "tags": [
          "anandapur",
          "anandapur main road",
          "food",
          "street food",
          "late night",
          "chai",
          "rolls",
          "night"
        ],
        "notes": "Opens for the night-shift crowd - paratha and egg curry till sunrise.",
        "source": "synthetic-fill",
        "verified": null,
        "id": "fd-061"
      }
    },
    {
      "type": "Feature",
      "geometry": {
        "type": "Point",
        "coordinates": [
          88.39892,
          22.53869
        ]
      },
      "properties": {
        "name": "Bangali Bhojnalaya - Science City",
        "category": "food",
        "locality": "Science City",
        "address": "19, J. B. S. Haldane Avenue, Science City",
        "open": "19:00",
        "close": "06:00",
        "hours": "19:00 - 06:00 daily",
        "tags": [
          "science city",
          "j. b. s. haldane avenue",
          "food",
          "street food",
          "late night",
          "chai",
          "rolls",
          "night"
        ],
        "notes": "Cash and UPI both work; the owner keeps change for cab drivers.",
        "source": "synthetic-fill",
        "verified": null,
        "id": "fd-062"
      }
    },
    {
      "type": "Feature",
      "geometry": {
        "type": "Point",
        "coordinates": [
          88.39277,
          22.49655
        ]
      },
      "properties": {
        "name": "Hakka Chowmein Centre - Barakhola",
        "category": "food",
        "locality": "Barakhola",
        "address": "45, Barakhola Road, Barakhola",
        "always": true,
        "hours": "Open 24 hours",
        "tags": [
          "barakhola",
          "e. m. bypass",
          "food",
          "street food",
          "late night",
          "chai",
          "rolls",
          "night"
        ],
        "notes": "Opens for the night-shift crowd - paratha and egg curry till sunrise.",
        "source": "synthetic-fill",
        "verified": null,
        "id": "fd-063"
      }
    },
    {
      "type": "Feature",
      "geometry": {
        "type": "Point",
        "coordinates": [
          88.40803,
          22.49532
        ]
      },
      "properties": {
        "name": "Dada Boudi Roll Centre - Kalikapur",
        "category": "food",
        "locality": "Kalikapur",
        "address": "44, Kustia Road, Kalikapur",
        "open": "10:00",
        "close": "23:30",
        "hours": "10:00 - 23:30 daily",
        "tags": [
          "kalikapur",
          "kalikapur road",
          "food",
          "street food",
          "late night",
          "chai",
          "rolls",
          "night"
        ],
        "notes": "Peak queue after 2 AM; the egg-chicken double roll is the standard order.",
        "source": "synthetic-fill",
        "verified": null,
        "id": "fd-064"
      }
    },
    {
      "type": "Feature",
      "geometry": {
        "type": "Point",
        "coordinates": [
          88.4156,
          22.47932
        ]
      },
      "properties": {
        "name": "Kolkata Biriyani Counter - Panchasayar",
        "category": "food",
        "locality": "Panchasayar",
        "address": "171, Panchasayar Road, Panchasayar",
        "open": "17:00",
        "close": "05:00",
        "hours": "17:00 - 05:00 daily",
        "tags": [
          "panchasayar",
          "sector b road",
          "food",
          "street food",
          "late night",
          "chai",
          "rolls",
          "night"
        ],
        "notes": "Chowmein, egg roll and chai right through the small hours. Cash preferred.",
        "source": "synthetic-fill",
        "verified": null,
        "id": "fd-065"
      }
    },
    {
      "type": "Feature",
      "geometry": {
        "type": "Point",
        "coordinates": [
          88.42245,
          22.48527
        ]
      },
      "properties": {
        "name": "Mughlai Nights - Nayabad",
        "category": "food",
        "locality": "Nayabad",
        "address": "98, Panchasayar Road, Nayabad",
        "open": "17:00",
        "close": "05:00",
        "hours": "17:00 - 05:00 daily",
        "tags": [
          "nayabad",
          "nayabad main road",
          "food",
          "street food",
          "late night",
          "chai",
          "rolls",
          "night"
        ],
        "notes": "Sells to taxi and auto drivers at a fixed night rate - ask for it.",
        "source": "synthetic-fill",
        "verified": null,
        "id": "fd-066"
      }
    },
    {
      "type": "Feature",
      "geometry": {
        "type": "Point",
        "coordinates": [
          88.38926,
          22.51545
        ]
      },
      "properties": {
        "name": "Hotel Saha Fast Food - Kasba",
        "category": "food",
        "locality": "Kasba",
        "address": "73, Rashbehari Connector, Kasba",
        "open": "11:00",
        "close": "04:00",
        "hours": "11:00 - 04:00 daily",
        "tags": [
          "kasba",
          "kasba road",
          "food",
          "street food",
          "late night",
          "chai",
          "rolls",
          "night"
        ],
        "notes": "Woks only fire up after 7 PM; before that it is a tea shop.",
        "source": "synthetic-fill",
        "verified": null,
        "id": "fd-067"
      }
    },
    {
      "type": "Feature",
      "geometry": {
        "type": "Point",
        "coordinates": [
          88.38433,
          22.54312
        ]
      },
      "properties": {
        "name": "Golden Dragon Fast Food - Topsia",
        "category": "food",
        "locality": "Topsia",
        "address": "1, Anwar Shah Road, Topsia",
        "open": "17:00",
        "close": "05:00",
        "hours": "17:00 - 05:00 daily",
        "tags": [
          "topsia",
          "bhagat singh road",
          "food",
          "street food",
          "late night",
          "chai",
          "rolls",
          "night"
        ],
        "notes": "Opens for the night-shift crowd - paratha and egg curry till sunrise.",
        "source": "synthetic-fill",
        "verified": null,
        "id": "fd-068"
      }
    },
    {
      "type": "Feature",
      "geometry": {
        "type": "Point",
        "coordinates": [
          88.39048,
          22.54783
        ]
      },
      "properties": {
        "name": "Pal Paratha Ghar - Tangra",
        "category": "food",
        "locality": "Tangra",
        "address": "145, New China Bazar Road, Tangra",
        "open": "17:00",
        "close": "05:00",
        "hours": "17:00 - 05:00 daily",
        "tags": [
          "tangra",
          "beliaghata main road",
          "food",
          "street food",
          "late night",
          "chai",
          "rolls",
          "night"
        ],
        "notes": "Cash and UPI both work; the owner keeps change for cab drivers.",
        "source": "synthetic-fill",
        "verified": null,
        "id": "fd-069"
      }
    },
    {
      "type": "Feature",
      "geometry": {
        "type": "Point",
        "coordinates": [
          88.40009,
          22.57218
        ]
      },
      "properties": {
        "name": "Chai Ghor - Beliaghata",
        "category": "food",
        "locality": "Beliaghata",
        "address": "18/5, Beliaghata Main Road, Beliaghata",
        "open": "11:00",
        "close": "04:00",
        "hours": "11:00 - 04:00 daily",
        "tags": [
          "beliaghata",
          "beliaghata main road",
          "food",
          "street food",
          "late night",
          "chai",
          "rolls",
          "night"
        ],
        "notes": "Sells to taxi and auto drivers at a fixed night rate - ask for it.",
        "source": "synthetic-fill",
        "verified": null,
        "id": "fd-070"
      }
    },
    {
      "type": "Feature",
      "geometry": {
        "type": "Point",
        "coordinates": [
          88.40672,
          22.53187
        ]
      },
      "properties": {
        "name": "Wok & Roll Fast Food - VIP Bazar",
        "category": "food",
        "locality": "VIP Bazar",
        "address": "53, Kalikapur Road, VIP Bazar",
        "open": "04:00",
        "close": "10:30",
        "hours": "04:00 - 10:30 daily",
        "tags": [
          "vip bazar",
          "e. m. bypass",
          "food",
          "street food",
          "late night",
          "chai",
          "rolls",
          "night"
        ],
        "notes": "Dawn kitchen: stew, bread and tea for the shift-change crowd from 4 AM.",
        "source": "synthetic-fill",
        "verified": null,
        "id": "fd-071"
      }
    },
    {
      "type": "Feature",
      "geometry": {
        "type": "Point",
        "coordinates": [
          88.36684,
          22.59977
        ]
      },
      "properties": {
        "name": "Kolkata Roll Corner - Shyambazar",
        "category": "food",
        "locality": "Shyambazar",
        "address": "4/7, B. T. Road, Shyambazar",
        "open": "20:00",
        "close": "04:30",
        "hours": "20:00 - 04:30 daily",
        "tags": [
          "shyambazar",
          "bhairab dutta lane",
          "food",
          "street food",
          "late night",
          "chai",
          "rolls",
          "night"
        ],
        "notes": "Opens for the night-shift crowd - paratha and egg curry till sunrise.",
        "source": "synthetic-fill",
        "verified": null,
        "id": "fd-072"
      }
    },
    {
      "type": "Feature",
      "geometry": {
        "type": "Point",
        "coordinates": [
          88.36293,
          22.59662
        ]
      },
      "properties": {
        "name": "Kundu Biriyani House - Shobhabazar",
        "category": "food",
        "locality": "Shobhabazar",
        "address": "6/3, Rabindra Sarani, Shobhabazar",
        "open": "18:00",
        "close": "03:30",
        "hours": "18:00 - 03:30 daily",
        "tags": [
          "shobhabazar",
          "sovabazar street",
          "food",
          "street food",
          "late night",
          "chai",
          "rolls",
          "night"
        ],
        "notes": "Cash and UPI both work; the owner keeps change for cab drivers.",
        "source": "synthetic-fill",
        "verified": null,
        "id": "fd-073"
      }
    },
    {
      "type": "Feature",
      "geometry": {
        "type": "Point",
        "coordinates": [
          88.36182,
          22.59872
        ]
      },
      "properties": {
        "name": "Momos & More - Bagbazar",
        "category": "food",
        "locality": "Bagbazar",
        "address": "158, B. K. Paul Avenue, Bagbazar",
        "open": "18:00",
        "close": "03:30",
        "hours": "18:00 - 03:30 daily",
        "tags": [
          "bagbazar",
          "bagbazar street",
          "food",
          "street food",
          "late night",
          "chai",
          "rolls",
          "night"
        ],
        "notes": "Woks only fire up after 7 PM; before that it is a tea shop.",
        "source": "synthetic-fill",
        "verified": null,
        "id": "fd-074"
      }
    },
    {
      "type": "Feature",
      "geometry": {
        "type": "Point",
        "coordinates": [
          88.35756,
          22.59266
        ]
      },
      "properties": {
        "name": "Chitpur Puchka Corner",
        "category": "food",
        "locality": "Chitpur",
        "address": "54, Chitpur Road, Chitpur",
        "open": "11:00",
        "close": "04:00",
        "hours": "11:00 - 04:00 daily",
        "tags": [
          "chitpur",
          "rabindra sarani",
          "food",
          "street food",
          "late night",
          "chai",
          "rolls",
          "night"
        ],
        "notes": "Sells to taxi and auto drivers at a fixed night rate - ask for it.",
        "source": "synthetic-fill",
        "verified": null,
        "id": "fd-075"
      }
    },
    {
      "type": "Feature",
      "geometry": {
        "type": "Point",
        "coordinates": [
          88.36418,
          22.61085
        ]
      },
      "properties": {
        "name": "Cossipore Tea Cabin",
        "category": "food",
        "locality": "Cossipore",
        "address": "14/6, Kali Charan Ghosh Road, Cossipore",
        "open": "11:00",
        "close": "04:00",
        "hours": "11:00 - 04:00 daily",
        "tags": [
          "cossipore",
          "cossipore road",
          "food",
          "street food",
          "late night",
          "chai",
          "rolls",
          "night"
        ],
        "notes": "Bench seating under a tarpaulin. Fine in the rain, better in winter.",
        "source": "synthetic-fill",
        "verified": null,
        "id": "fd-076"
      }
    },
    {
      "type": "Feature",
      "geometry": {
        "type": "Point",
        "coordinates": [
          88.36964,
          22.61
        ]
      },
      "properties": {
        "name": "Bangali Bhojnalaya - Sinthee",
        "category": "food",
        "locality": "Sinthee",
        "address": "6/8, Sinthee More, Sinthee",
        "open": "17:00",
        "close": "05:00",
        "hours": "17:00 - 05:00 daily",
        "tags": [
          "sinthee",
          "dumdum road",
          "food",
          "street food",
          "late night",
          "chai",
          "rolls",
          "night"
        ],
        "notes": "Peak queue after 2 AM; the egg-chicken double roll is the standard order.",
        "source": "synthetic-fill",
        "verified": null,
        "id": "fd-077"
      }
    },
    {
      "type": "Feature",
      "geometry": {
        "type": "Point",
        "coordinates": [
          88.3845,
          22.60588
        ]
      },
      "properties": {
        "name": "Hot Roll Junction - Belgachia",
        "category": "food",
        "locality": "Belgachia",
        "address": "66, Dumdum Road, Belgachia",
        "open": "11:00",
        "close": "04:00",
        "hours": "11:00 - 04:00 daily",
        "tags": [
          "belgachia",
          "belgachia road",
          "food",
          "street food",
          "late night",
          "chai",
          "rolls",
          "night"
        ],
        "notes": "Ask for the night plate: smaller portion, lower price, same taste.",
        "source": "synthetic-fill",
        "verified": null,
        "id": "fd-078"
      }
    },
    {
      "type": "Feature",
      "geometry": {
        "type": "Point",
        "coordinates": [
          88.38171,
          22.61001
        ]
      },
      "properties": {
        "name": "Tala Roll Centre",
        "category": "food",
        "locality": "Tala",
        "address": "24, Tala Road, Tala",
        "open": "17:00",
        "close": "05:00",
        "hours": "17:00 - 05:00 daily",
        "tags": [
          "tala",
          "tala road",
          "food",
          "street food",
          "late night",
          "chai",
          "rolls",
          "night"
        ],
        "notes": "Maggi, omelette and chai until about 4 AM, then shuts for the morning market.",
        "source": "synthetic-fill",
        "verified": null,
        "id": "fd-079"
      }
    },
    {
      "type": "Feature",
      "geometry": {
        "type": "Point",
        "coordinates": [
          88.35975,
          22.5931
        ]
      },
      "properties": {
        "name": "Bangali Bhojnalaya - Girish Park",
        "category": "food",
        "locality": "Girish Park",
        "address": "28, Chittaranjan Avenue, Girish Park",
        "open": "17:00",
        "close": "05:00",
        "hours": "17:00 - 05:00 daily",
        "tags": [
          "girish park",
          "chittaranjan avenue",
          "food",
          "street food",
          "late night",
          "chai",
          "rolls",
          "night"
        ],
        "notes": "The kettle stays on the boil all night; toast-butter is the house staple.",
        "source": "synthetic-fill",
        "verified": null,
        "id": "fd-080"
      }
    },
    {
      "type": "Feature",
      "geometry": {
        "type": "Point",
        "coordinates": [
          88.36254,
          22.58615
        ]
      },
      "properties": {
        "name": "Momos & More - Mahatma Gandhi Road",
        "category": "food",
        "locality": "Mahatma Gandhi Road",
        "address": "18/9, Mahatma Gandhi Road, Mahatma Gandhi Road",
        "open": "18:00",
        "close": "03:30",
        "hours": "18:00 - 03:30 daily",
        "tags": [
          "mahatma gandhi road",
          "mahatma gandhi road",
          "food",
          "street food",
          "late night",
          "chai",
          "rolls",
          "night"
        ],
        "notes": "Bench seating under a tarpaulin. Fine in the rain, better in winter.",
        "source": "synthetic-fill",
        "verified": null,
        "id": "fd-081"
      }
    },
    {
      "type": "Feature",
      "geometry": {
        "type": "Point",
        "coordinates": [
          88.37738,
          22.58567
        ]
      },
      "properties": {
        "name": "Bhai Bhai Biriyani - Maniktala",
        "category": "food",
        "locality": "Maniktala",
        "address": "6/4, Acharya Prafulla Chandra Road, Maniktala",
        "open": "18:00",
        "close": "03:30",
        "hours": "18:00 - 03:30 daily",
        "tags": [
          "maniktala",
          "acharya prafulla chandra road",
          "food",
          "street food",
          "late night",
          "chai",
          "rolls",
          "night"
        ],
        "notes": "Woks only fire up after 7 PM; before that it is a tea shop.",
        "source": "synthetic-fill",
        "verified": null,
        "id": "fd-082"
      }
    },
    {
      "type": "Feature",
      "geometry": {
        "type": "Point",
        "coordinates": [
          88.38519,
          22.57888
        ]
      },
      "properties": {
        "name": "Momos & More - Kankurgachi",
        "category": "food",
        "locality": "Kankurgachi",
        "address": "19/8, Kankurgachi Road, Kankurgachi",
        "open": "11:00",
        "close": "04:00",
        "hours": "11:00 - 04:00 daily",
        "tags": [
          "kankurgachi",
          "kankurgachi road",
          "food",
          "street food",
          "late night",
          "chai",
          "rolls",
          "night"
        ],
        "notes": "Chowmein, egg roll and chai right through the small hours. Cash preferred.",
        "source": "synthetic-fill",
        "verified": null,
        "id": "fd-083"
      }
    },
    {
      "type": "Feature",
      "geometry": {
        "type": "Point",
        "coordinates": [
          88.38453,
          22.57831
        ]
      },
      "properties": {
        "name": "Hot Roll Junction - Phoolbagan",
        "category": "food",
        "locality": "Phoolbagan",
        "address": "42C, C. I. T. Road, Phoolbagan",
        "open": "17:00",
        "close": "05:00",
        "hours": "17:00 - 05:00 daily",
        "tags": [
          "phoolbagan",
          "c. i. t. road",
          "food",
          "street food",
          "late night",
          "chai",
          "rolls",
          "night"
        ],
        "notes": "Opens for the night-shift crowd - paratha and egg curry till sunrise.",
        "source": "synthetic-fill",
        "verified": null,
        "id": "fd-084"
      }
    },
    {
      "type": "Feature",
      "geometry": {
        "type": "Point",
        "coordinates": [
          88.3978,
          22.59393
        ]
      },
      "properties": {
        "name": "Momos & More - Ultadanga",
        "category": "food",
        "locality": "Ultadanga",
        "address": "26/9, Canal Road, Ultadanga",
        "open": "11:00",
        "close": "04:00",
        "hours": "11:00 - 04:00 daily",
        "tags": [
          "ultadanga",
          "canal road",
          "food",
          "street food",
          "late night",
          "chai",
          "rolls",
          "night"
        ],
        "notes": "Sells to taxi and auto drivers at a fixed night rate - ask for it.",
        "source": "synthetic-fill",
        "verified": null,
        "id": "fd-085"
      }
    },
    {
      "type": "Feature",
      "geometry": {
        "type": "Point",
        "coordinates": [
          88.41529,
          22.60519
        ]
      },
      "properties": {
        "name": "Saha Sandwich Corner - Kestopur",
        "category": "food",
        "locality": "Kestopur",
        "address": "39C, Baguiati Road, Kestopur",
        "open": "10:00",
        "close": "23:30",
        "hours": "10:00 - 23:30 daily",
        "tags": [
          "kestopur",
          "kestopur main road",
          "food",
          "street food",
          "late night",
          "chai",
          "rolls",
          "night"
        ],
        "notes": "Maggi, omelette and chai until about 4 AM, then shuts for the morning market.",
        "source": "synthetic-fill",
        "verified": null,
        "id": "fd-086"
      }
    },
    {
      "type": "Feature",
      "geometry": {
        "type": "Point",
        "coordinates": [
          88.4031,
          22.60379
        ]
      },
      "properties": {
        "name": "Bangali Bhojnalaya - Lake Town",
        "category": "food",
        "locality": "Lake Town",
        "address": "24/9, Jessore Road, Lake Town",
        "open": "11:00",
        "close": "04:00",
        "hours": "11:00 - 04:00 daily",
        "tags": [
          "lake town",
          "jessore road",
          "food",
          "street food",
          "late night",
          "chai",
          "rolls",
          "night"
        ],
        "notes": "Maggi, omelette and chai until about 4 AM, then shuts for the morning market.",
        "source": "synthetic-fill",
        "verified": null,
        "id": "fd-087"
      }
    },
    {
      "type": "Feature",
      "geometry": {
        "type": "Point",
        "coordinates": [
          88.40668,
          22.60553
        ]
      },
      "properties": {
        "name": "Mughlai Nights - Bangur Avenue",
        "category": "food",
        "locality": "Bangur Avenue",
        "address": "88, Lake Town Road, Bangur Avenue",
        "open": "17:00",
        "close": "05:00",
        "hours": "17:00 - 05:00 daily",
        "tags": [
          "bangur avenue",
          "bangur avenue",
          "food",
          "street food",
          "late night",
          "chai",
          "rolls",
          "night"
        ],
        "notes": "Sells to taxi and auto drivers at a fixed night rate - ask for it.",
        "source": "synthetic-fill",
        "verified": null,
        "id": "fd-088"
      }
    },
    {
      "type": "Feature",
      "geometry": {
        "type": "Point",
        "coordinates": [
          88.40363,
          22.61929
        ]
      },
      "properties": {
        "name": "Mughlai Nights - Dum Dum Road",
        "category": "food",
        "locality": "Dum Dum Road",
        "address": "164, Nagerbazar Road, Dum Dum Road",
        "open": "17:00",
        "close": "05:00",
        "hours": "17:00 - 05:00 daily",
        "tags": [
          "dum dum road",
          "jessore road",
          "food",
          "street food",
          "late night",
          "chai",
          "rolls",
          "night"
        ],
        "notes": "Opens for the night-shift crowd - paratha and egg curry till sunrise.",
        "source": "synthetic-fill",
        "verified": null,
        "id": "fd-089"
      }
    },
    {
      "type": "Feature",
      "geometry": {
        "type": "Point",
        "coordinates": [
          88.41392,
          22.62391
        ]
      },
      "properties": {
        "name": "Shift Canteen - Nagerbazar",
        "category": "food",
        "locality": "Nagerbazar",
        "address": "123, Nagerbazar Road, Nagerbazar",
        "always": true,
        "hours": "Open 24 hours",
        "tags": [
          "nagerbazar",
          "dumdum road",
          "food",
          "street food",
          "late night",
          "chai",
          "rolls",
          "night"
        ],
        "notes": "Woks only fire up after 7 PM; before that it is a tea shop.",
        "source": "synthetic-fill",
        "verified": null,
        "id": "fd-090"
      }
    },
    {
      "type": "Feature",
      "geometry": {
        "type": "Point",
        "coordinates": [
          88.40388,
          22.63654
        ]
      },
      "properties": {
        "name": "Chung Wah Fast Food - Dum Dum",
        "category": "food",
        "locality": "Dum Dum",
        "address": "180, Jessore Road, Dum Dum",
        "open": "19:00",
        "close": "06:00",
        "hours": "19:00 - 06:00 daily",
        "tags": [
          "dum dum",
          "jessore road",
          "food",
          "street food",
          "late night",
          "chai",
          "rolls",
          "night"
        ],
        "notes": "Chowmein, egg roll and chai right through the small hours. Cash preferred.",
        "source": "synthetic-fill",
        "verified": null,
        "id": "fd-091"
      }
    },
    {
      "type": "Feature",
      "geometry": {
        "type": "Point",
        "coordinates": [
          88.42191,
          22.65942
        ]
      },
      "properties": {
        "name": "Bangali Bhojnalaya - Birati",
        "category": "food",
        "locality": "Birati",
        "address": "33/3, Michael Nagar Road, Birati",
        "always": true,
        "hours": "Open 24 hours",
        "tags": [
          "birati",
          "birati station road",
          "food",
          "street food",
          "late night",
          "chai",
          "rolls",
          "night"
        ],
        "notes": "Peak queue after 2 AM; the egg-chicken double roll is the standard order.",
        "source": "synthetic-fill",
        "verified": null,
        "id": "fd-092"
      }
    },
    {
      "type": "Feature",
      "geometry": {
        "type": "Point",
        "coordinates": [
          88.41264,
          22.66572
        ]
      },
      "properties": {
        "name": "Saha Tea Stall - Michael Nagar",
        "category": "food",
        "locality": "Michael Nagar",
        "address": "23/8, Dumdum Road, Michael Nagar",
        "open": "17:00",
        "close": "05:00",
        "hours": "17:00 - 05:00 daily",
        "tags": [
          "michael nagar",
          "michael nagar road",
          "food",
          "street food",
          "late night",
          "chai",
          "rolls",
          "night"
        ],
        "notes": "Ask for the night plate: smaller portion, lower price, same taste.",
        "source": "synthetic-fill",
        "verified": null,
        "id": "fd-093"
      }
    },
    {
      "type": "Feature",
      "geometry": {
        "type": "Point",
        "coordinates": [
          88.44822,
          22.65658
        ]
      },
      "properties": {
        "name": "Chowmein Gali - Airport",
        "category": "food",
        "locality": "Airport",
        "address": "81, Airport Gate Road, Airport",
        "open": "20:00",
        "close": "04:30",
        "hours": "20:00 - 04:30 daily",
        "tags": [
          "airport",
          "jessore road",
          "food",
          "street food",
          "late night",
          "chai",
          "rolls",
          "night"
        ],
        "notes": "Maggi, omelette and chai until about 4 AM, then shuts for the morning market.",
        "source": "synthetic-fill",
        "verified": null,
        "id": "fd-094"
      }
    },
    {
      "type": "Feature",
      "geometry": {
        "type": "Point",
        "coordinates": [
          88.4645,
          22.58943
        ]
      },
      "properties": {
        "name": "Mithai Ghar - Rajarhat New Town",
        "category": "food",
        "locality": "Rajarhat New Town",
        "address": "36/4, New Town Road, Rajarhat New Town",
        "open": "10:00",
        "close": "23:30",
        "hours": "10:00 - 23:30 daily",
        "tags": [
          "rajarhat new town",
          "action area i road",
          "food",
          "street food",
          "late night",
          "chai",
          "rolls",
          "night"
        ],
        "notes": "The kettle stays on the boil all night; toast-butter is the house staple.",
        "source": "synthetic-fill",
        "verified": null,
        "id": "fd-095"
      }
    },
    {
      "type": "Feature",
      "geometry": {
        "type": "Point",
        "coordinates": [
          88.47297,
          22.59711
        ]
      },
      "properties": {
        "name": "Hot Roll Junction - New Town AA II",
        "category": "food",
        "locality": "New Town AA II",
        "address": "158, Major Arterial Road, New Town AA II",
        "open": "19:00",
        "close": "06:00",
        "hours": "19:00 - 06:00 daily",
        "tags": [
          "new town aa ii",
          "aa ii road",
          "food",
          "street food",
          "late night",
          "chai",
          "rolls",
          "night"
        ],
        "notes": "Sells to taxi and auto drivers at a fixed night rate - ask for it.",
        "source": "synthetic-fill",
        "verified": null,
        "id": "fd-096"
      }
    },
    {
      "type": "Feature",
      "geometry": {
        "type": "Point",
        "coordinates": [
          88.4581,
          22.61744
        ]
      },
      "properties": {
        "name": "Roy Paratha Ghar - Chinar Park",
        "category": "food",
        "locality": "Chinar Park",
        "address": "22A, VIP Road, Chinar Park",
        "open": "20:00",
        "close": "04:30",
        "hours": "20:00 - 04:30 daily",
        "tags": [
          "chinar park",
          "jessore road",
          "food",
          "street food",
          "late night",
          "chai",
          "rolls",
          "night"
        ],
        "notes": "Sells to taxi and auto drivers at a fixed night rate - ask for it.",
        "source": "synthetic-fill",
        "verified": null,
        "id": "fd-097"
      }
    },
    {
      "type": "Feature",
      "geometry": {
        "type": "Point",
        "coordinates": [
          88.4321,
          22.6129
        ]
      },
      "properties": {
        "name": "Nandi Egg Roll Centre - Baguiati",
        "category": "food",
        "locality": "Baguiati",
        "address": "10, VIP Road, Baguiati",
        "open": "20:00",
        "close": "04:30",
        "hours": "20:00 - 04:30 daily",
        "tags": [
          "baguiati",
          "vip road",
          "food",
          "street food",
          "late night",
          "chai",
          "rolls",
          "night"
        ],
        "notes": "Cash and UPI both work; the owner keeps change for cab drivers.",
        "source": "synthetic-fill",
        "verified": null,
        "id": "fd-098"
      }
    },
    {
      "type": "Feature",
      "geometry": {
        "type": "Point",
        "coordinates": [
          88.42803,
          22.61668
        ]
      },
      "properties": {
        "name": "Pal Chinese Corner - Teghoria",
        "category": "food",
        "locality": "Teghoria",
        "address": "15/8, Baguiati Road, Teghoria",
        "open": "11:00",
        "close": "04:00",
        "hours": "11:00 - 04:00 daily",
        "tags": [
          "teghoria",
          "baguiati road",
          "food",
          "street food",
          "late night",
          "chai",
          "rolls",
          "night"
        ],
        "notes": "Sells to taxi and auto drivers at a fixed night rate - ask for it.",
        "source": "synthetic-fill",
        "verified": null,
        "id": "fd-099"
      }
    },
    {
      "type": "Feature",
      "geometry": {
        "type": "Point",
        "coordinates": [
          88.44381,
          22.62372
        ]
      },
      "properties": {
        "name": "Night Chai & Toast - Hatiara",
        "category": "food",
        "locality": "Hatiara",
        "address": "139, Hatiara Road, Hatiara",
        "open": "10:00",
        "close": "23:30",
        "hours": "10:00 - 23:30 daily",
        "tags": [
          "hatiara",
          "rajarhat road",
          "food",
          "street food",
          "late night",
          "chai",
          "rolls",
          "night"
        ],
        "notes": "Bench seating under a tarpaulin. Fine in the rain, better in winter.",
        "source": "synthetic-fill",
        "verified": null,
        "id": "fd-100"
      }
    },
    {
      "type": "Feature",
      "geometry": {
        "type": "Point",
        "coordinates": [
          88.44631,
          22.70114
        ]
      },
      "properties": {
        "name": "Momos & More - Madhyamgram",
        "category": "food",
        "locality": "Madhyamgram",
        "address": "108, Jessore Road, Madhyamgram",
        "always": true,
        "hours": "Open 24 hours",
        "tags": [
          "madhyamgram",
          "madhyamgram station road",
          "food",
          "street food",
          "late night",
          "chai",
          "rolls",
          "night"
        ],
        "notes": "Maggi, omelette and chai until about 4 AM, then shuts for the morning market.",
        "source": "synthetic-fill",
        "verified": null,
        "id": "fd-101"
      }
    },
    {
      "type": "Feature",
      "geometry": {
        "type": "Point",
        "coordinates": [
          88.48036,
          22.7227
        ]
      },
      "properties": {
        "name": "Mughlai Nights - Barasat",
        "category": "food",
        "locality": "Barasat",
        "address": "14/1, Barasat Station Road, Barasat",
        "open": "20:00",
        "close": "04:30",
        "hours": "20:00 - 04:30 daily",
        "tags": [
          "barasat",
          "jessore road",
          "food",
          "street food",
          "late night",
          "chai",
          "rolls",
          "night"
        ],
        "notes": "Chowmein, egg roll and chai right through the small hours. Cash preferred.",
        "source": "synthetic-fill",
        "verified": null,
        "id": "fd-102"
      }
    },
    {
      "type": "Feature",
      "geometry": {
        "type": "Point",
        "coordinates": [
          88.37222,
          22.63562
        ]
      },
      "properties": {
        "name": "Samanta Tea Stall - Baranagar",
        "category": "food",
        "locality": "Baranagar",
        "address": "129, Baranagar Road, Baranagar",
        "open": "10:00",
        "close": "23:30",
        "hours": "10:00 - 23:30 daily",
        "tags": [
          "baranagar",
          "b. t. road",
          "food",
          "street food",
          "late night",
          "chai",
          "rolls",
          "night"
        ],
        "notes": "Maggi, omelette and chai until about 4 AM, then shuts for the morning market.",
        "source": "synthetic-fill",
        "verified": null,
        "id": "fd-103"
      }
    },
    {
      "type": "Feature",
      "geometry": {
        "type": "Point",
        "coordinates": [
          88.3925,
          22.6504
        ]
      },
      "properties": {
        "name": "Haldar Egg Roll Centre - Belghoria",
        "category": "food",
        "locality": "Belghoria",
        "address": "169B, B. T. Road, Belghoria",
        "open": "17:00",
        "close": "05:00",
        "hours": "17:00 - 05:00 daily",
        "tags": [
          "belghoria",
          "belghoria station road",
          "food",
          "street food",
          "late night",
          "chai",
          "rolls",
          "night"
        ],
        "notes": "Maggi, omelette and chai until about 4 AM, then shuts for the morning market.",
        "source": "synthetic-fill",
        "verified": null,
        "id": "fd-104"
      }
    },
    {
      "type": "Feature",
      "geometry": {
        "type": "Point",
        "coordinates": [
          88.39168,
          22.66233
        ]
      },
      "properties": {
        "name": "Dada Boudi Roll Centre - Nimta",
        "category": "food",
        "locality": "Nimta",
        "address": "150, Nimta Road, Nimta",
        "open": "11:00",
        "close": "04:00",
        "hours": "11:00 - 04:00 daily",
        "tags": [
          "nimta",
          "b. t. road",
          "food",
          "street food",
          "late night",
          "chai",
          "rolls",
          "night"
        ],
        "notes": "Ask for the night plate: smaller portion, lower price, same taste.",
        "source": "synthetic-fill",
        "verified": null,
        "id": "fd-105"
      }
    },
    {
      "type": "Feature",
      "geometry": {
        "type": "Point",
        "coordinates": [
          88.39153,
          22.68732
        ]
      },
      "properties": {
        "name": "Mitra Hotel Night Kitchen - Sodepur",
        "category": "food",
        "locality": "Sodepur",
        "address": "15/8, Station Road, Sodepur",
        "open": "17:00",
        "close": "05:00",
        "hours": "17:00 - 05:00 daily",
        "tags": [
          "sodepur",
          "sodepur road",
          "food",
          "street food",
          "late night",
          "chai",
          "rolls",
          "night"
        ],
        "notes": "Peak queue after 2 AM; the egg-chicken double roll is the standard order.",
        "source": "synthetic-fill",
        "verified": null,
        "id": "fd-106"
      }
    },
    {
      "type": "Feature",
      "geometry": {
        "type": "Point",
        "coordinates": [
          88.36888,
          22.68991
        ]
      },
      "properties": {
        "name": "Kolkata Roll Corner - Panihati",
        "category": "food",
        "locality": "Panihati",
        "address": "9, Panihati Station Road, Panihati",
        "open": "18:00",
        "close": "03:30",
        "hours": "18:00 - 03:30 daily",
        "tags": [
          "panihati",
          "panihati station road",
          "food",
          "street food",
          "late night",
          "chai",
          "rolls",
          "night"
        ],
        "notes": "Ask for the night plate: smaller portion, lower price, same taste.",
        "source": "synthetic-fill",
        "verified": null,
        "id": "fd-107"
      }
    },
    {
      "type": "Feature",
      "geometry": {
        "type": "Point",
        "coordinates": [
          88.3738,
          22.70149
        ]
      },
      "properties": {
        "name": "Khardah Roll Centre",
        "category": "food",
        "locality": "Khardah",
        "address": "6/9, Khardah Station Road, Khardah",
        "open": "19:00",
        "close": "06:00",
        "hours": "19:00 - 06:00 daily",
        "tags": [
          "khardah",
          "rahuta road",
          "food",
          "street food",
          "late night",
          "chai",
          "rolls",
          "night"
        ],
        "notes": "Sells to taxi and auto drivers at a fixed night rate - ask for it.",
        "source": "synthetic-fill",
        "verified": null,
        "id": "fd-108"
      }
    },
    {
      "type": "Feature",
      "geometry": {
        "type": "Point",
        "coordinates": [
          88.37312,
          22.76333
        ]
      },
      "properties": {
        "name": "Mithai Ghar - Barrackpore",
        "category": "food",
        "locality": "Barrackpore",
        "address": "20/4, Barrackpore Station Road, Barrackpore",
        "open": "17:00",
        "close": "05:00",
        "hours": "17:00 - 05:00 daily",
        "tags": [
          "barrackpore",
          "barrackpore station road",
          "food",
          "street food",
          "late night",
          "chai",
          "rolls",
          "night"
        ],
        "notes": "Bench seating under a tarpaulin. Fine in the rain, better in winter.",
        "source": "synthetic-fill",
        "verified": null,
        "id": "fd-109"
      }
    },
    {
      "type": "Feature",
      "geometry": {
        "type": "Point",
        "coordinates": [
          88.4102,
          22.5846
        ]
      },
      "properties": {
        "name": "Momos & More - Salt Lake Sector I",
        "category": "food",
        "locality": "Salt Lake Sector I",
        "address": "10/3, Sector I Road, Salt Lake Sector I",
        "open": "17:00",
        "close": "05:00",
        "hours": "17:00 - 05:00 daily",
        "tags": [
          "salt lake sector i",
          "kestopur bridge road",
          "food",
          "street food",
          "late night",
          "chai",
          "rolls",
          "night"
        ],
        "notes": "Cash and UPI both work; the owner keeps change for cab drivers.",
        "source": "synthetic-fill",
        "verified": null,
        "id": "fd-110"
      }
    },
    {
      "type": "Feature",
      "geometry": {
        "type": "Point",
        "coordinates": [
          88.41867,
          22.58693
        ]
      },
      "properties": {
        "name": "Kolkata Street Bites - Salt Lake Sector II",
        "category": "food",
        "locality": "Salt Lake Sector II",
        "address": "120, Sector II Road, Salt Lake Sector II",
        "open": "19:00",
        "close": "06:00",
        "hours": "19:00 - 06:00 daily",
        "tags": [
          "salt lake sector ii",
          "central park road",
          "food",
          "street food",
          "late night",
          "chai",
          "rolls",
          "night"
        ],
        "notes": "Bench seating under a tarpaulin. Fine in the rain, better in winter.",
        "source": "synthetic-fill",
        "verified": null,
        "id": "fd-111"
      }
    },
    {
      "type": "Feature",
      "geometry": {
        "type": "Point",
        "coordinates": [
          88.40704,
          22.57936
        ]
      },
      "properties": {
        "name": "Chung Wah Fast Food - Salt Lake Sector III",
        "category": "food",
        "locality": "Salt Lake Sector III",
        "address": "15, Sector III Road, Salt Lake Sector III",
        "open": "17:00",
        "close": "05:00",
        "hours": "17:00 - 05:00 daily",
        "tags": [
          "salt lake sector iii",
          "bidhannagar road",
          "food",
          "street food",
          "late night",
          "chai",
          "rolls",
          "night"
        ],
        "notes": "Woks only fire up after 7 PM; before that it is a tea shop.",
        "source": "synthetic-fill",
        "verified": null,
        "id": "fd-112"
      }
    },
    {
      "type": "Feature",
      "geometry": {
        "type": "Point",
        "coordinates": [
          88.41953,
          22.58528
        ]
      },
      "properties": {
        "name": "Chai Ghor - Karunamoyee",
        "category": "food",
        "locality": "Karunamoyee",
        "address": "11, Broadway Road, Karunamoyee",
        "open": "11:00",
        "close": "04:00",
        "hours": "11:00 - 04:00 daily",
        "tags": [
          "karunamoyee",
          "sector ii road",
          "food",
          "street food",
          "late night",
          "chai",
          "rolls",
          "night"
        ],
        "notes": "Maggi, omelette and chai until about 4 AM, then shuts for the morning market.",
        "source": "synthetic-fill",
        "verified": null,
        "id": "fd-113"
      }
    },
    {
      "type": "Feature",
      "geometry": {
        "type": "Point",
        "coordinates": [
          88.43053,
          22.57244
        ]
      },
      "properties": {
        "name": "Hotel Haldar Fast Food - Salt Lake Sector V",
        "category": "food",
        "locality": "Salt Lake Sector V",
        "address": "21/1, DN Block Road, Salt Lake Sector V",
        "open": "11:00",
        "close": "04:00",
        "hours": "11:00 - 04:00 daily",
        "tags": [
          "salt lake sector v",
          "college more road",
          "food",
          "street food",
          "late night",
          "chai",
          "rolls",
          "night"
        ],
        "notes": "Peak queue after 2 AM; the egg-chicken double roll is the standard order.",
        "source": "synthetic-fill",
        "verified": null,
        "id": "fd-114"
      }
    },
    {
      "type": "Feature",
      "geometry": {
        "type": "Point",
        "coordinates": [
          88.43848,
          22.57551
        ]
      },
      "properties": {
        "name": "Bhowmik Tea Stall - College More",
        "category": "food",
        "locality": "College More",
        "address": "31, College More, College More",
        "open": "17:00",
        "close": "05:00",
        "hours": "17:00 - 05:00 daily",
        "tags": [
          "college more",
          "college more",
          "food",
          "street food",
          "late night",
          "chai",
          "rolls",
          "night"
        ],
        "notes": "Maggi, omelette and chai until about 4 AM, then shuts for the morning market.",
        "source": "synthetic-fill",
        "verified": null,
        "id": "fd-115"
      }
    },
    {
      "type": "Feature",
      "geometry": {
        "type": "Point",
        "coordinates": [
          88.41118,
          22.56836
        ]
      },
      "properties": {
        "name": "Kundu Hotel Night Kitchen - Salt Lake Stadium",
        "category": "food",
        "locality": "Salt Lake Stadium",
        "address": "142, Stadium Approach Road, Salt Lake Stadium",
        "open": "10:00",
        "close": "23:30",
        "hours": "10:00 - 23:30 daily",
        "tags": [
          "salt lake stadium",
          "sector iii road",
          "food",
          "street food",
          "late night",
          "chai",
          "rolls",
          "night"
        ],
        "notes": "Bench seating under a tarpaulin. Fine in the rain, better in winter.",
        "source": "synthetic-fill",
        "verified": null,
        "id": "fd-116"
      }
    },
    {
      "type": "Feature",
      "geometry": {
        "type": "Point",
        "coordinates": [
          88.34041,
          22.58574
        ]
      },
      "properties": {
        "name": "Mitra Hotel Night Kitchen - Howrah Station",
        "category": "food",
        "locality": "Howrah Station",
        "address": "33/4, Grand Trunk Road, Howrah Station",
        "open": "10:00",
        "close": "23:30",
        "hours": "10:00 - 23:30 daily",
        "tags": [
          "howrah station",
          "station road",
          "food",
          "street food",
          "late night",
          "chai",
          "rolls",
          "night"
        ],
        "notes": "Maggi, omelette and chai until about 4 AM, then shuts for the morning market.",
        "source": "synthetic-fill",
        "verified": null,
        "id": "fd-117"
      }
    },
    {
      "type": "Feature",
      "geometry": {
        "type": "Point",
        "coordinates": [
          88.31883,
          22.57174
        ]
      },
      "properties": {
        "name": "Hot Roll Junction - Shibpur",
        "category": "food",
        "locality": "Shibpur",
        "address": "16/1, College Road, Shibpur",
        "open": "20:00",
        "close": "04:30",
        "hours": "20:00 - 04:30 daily",
        "tags": [
          "shibpur",
          "shibpur road",
          "food",
          "street food",
          "late night",
          "chai",
          "rolls",
          "night"
        ],
        "notes": "Cash and UPI both work; the owner keeps change for cab drivers.",
        "source": "synthetic-fill",
        "verified": null,
        "id": "fd-118"
      }
    },
    {
      "type": "Feature",
      "geometry": {
        "type": "Point",
        "coordinates": [
          88.33685,
          22.59707
        ]
      },
      "properties": {
        "name": "Dada Boudi Roll Centre - Salkia",
        "category": "food",
        "locality": "Salkia",
        "address": "21/9, Golabari Road, Salkia",
        "open": "17:00",
        "close": "05:00",
        "hours": "17:00 - 05:00 daily",
        "tags": [
          "salkia",
          "salkia road",
          "food",
          "street food",
          "late night",
          "chai",
          "rolls",
          "night"
        ],
        "notes": "Ask for the night plate: smaller portion, lower price, same taste.",
        "source": "synthetic-fill",
        "verified": null,
        "id": "fd-119"
      }
    },
    {
      "type": "Feature",
      "geometry": {
        "type": "Point",
        "coordinates": [
          88.33993,
          22.58754
        ]
      },
      "properties": {
        "name": "Chowmein Gali - Golabari",
        "category": "food",
        "locality": "Golabari",
        "address": "78, Salkia Road, Golabari",
        "open": "11:00",
        "close": "04:00",
        "hours": "11:00 - 04:00 daily",
        "tags": [
          "golabari",
          "salkia road",
          "food",
          "street food",
          "late night",
          "chai",
          "rolls",
          "night"
        ],
        "notes": "Cash and UPI both work; the owner keeps change for cab drivers.",
        "source": "synthetic-fill",
        "verified": null,
        "id": "fd-120"
      }
    },
    {
      "type": "Feature",
      "geometry": {
        "type": "Point",
        "coordinates": [
          88.34161,
          22.62381
        ]
      },
      "properties": {
        "name": "Guha Chinese Corner - Liluah",
        "category": "food",
        "locality": "Liluah",
        "address": "22/7, Liluah Station Road, Liluah",
        "open": "20:00",
        "close": "04:30",
        "hours": "20:00 - 04:30 daily",
        "tags": [
          "liluah",
          "grand trunk road",
          "food",
          "street food",
          "late night",
          "chai",
          "rolls",
          "night"
        ],
        "notes": "Cash and UPI both work; the owner keeps change for cab drivers.",
        "source": "synthetic-fill",
        "verified": null,
        "id": "fd-121"
      }
    },
    {
      "type": "Feature",
      "geometry": {
        "type": "Point",
        "coordinates": [
          88.34784,
          22.63387
        ]
      },
      "properties": {
        "name": "Belur Roll Centre",
        "category": "food",
        "locality": "Belur",
        "address": "10, Bally Road, Belur",
        "open": "18:00",
        "close": "03:30",
        "hours": "18:00 - 03:30 daily",
        "tags": [
          "belur",
          "belur math road",
          "food",
          "street food",
          "late night",
          "chai",
          "rolls",
          "night"
        ],
        "notes": "Woks only fire up after 7 PM; before that it is a tea shop.",
        "source": "synthetic-fill",
        "verified": null,
        "id": "fd-122"
      }
    },
    {
      "type": "Feature",
      "geometry": {
        "type": "Point",
        "coordinates": [
          88.34309,
          22.64955
        ]
      },
      "properties": {
        "name": "Chung Wah Fast Food - Bally",
        "category": "food",
        "locality": "Bally",
        "address": "146, Bally Station Road, Bally",
        "open": "20:00",
        "close": "04:30",
        "hours": "20:00 - 04:30 daily",
        "tags": [
          "bally",
          "grand trunk road",
          "food",
          "street food",
          "late night",
          "chai",
          "rolls",
          "night"
        ],
        "notes": "Opens for the night-shift crowd - paratha and egg curry till sunrise.",
        "source": "synthetic-fill",
        "verified": null,
        "id": "fd-123"
      }
    },
    {
      "type": "Feature",
      "geometry": {
        "type": "Point",
        "coordinates": [
          88.32893,
          22.61171
        ]
      },
      "properties": {
        "name": "Wok & Roll Fast Food - Bhattanagar",
        "category": "food",
        "locality": "Bhattanagar",
        "address": "29B, Bhattanagar Road, Bhattanagar",
        "open": "11:00",
        "close": "04:00",
        "hours": "11:00 - 04:00 daily",
        "tags": [
          "bhattanagar",
          "grand trunk road",
          "food",
          "street food",
          "late night",
          "chai",
          "rolls",
          "night"
        ],
        "notes": "Maggi, omelette and chai until about 4 AM, then shuts for the morning market.",
        "source": "synthetic-fill",
        "verified": null,
        "id": "fd-124"
      }
    },
    {
      "type": "Feature",
      "geometry": {
        "type": "Point",
        "coordinates": [
          88.30323,
          22.58592
        ]
      },
      "properties": {
        "name": "Bhai Bhai Biriyani - Santragachi",
        "category": "food",
        "locality": "Santragachi",
        "address": "7/8, Kona Expressway, Santragachi",
        "open": "19:00",
        "close": "06:00",
        "hours": "19:00 - 06:00 daily",
        "tags": [
          "santragachi",
          "andul road",
          "food",
          "street food",
          "late night",
          "chai",
          "rolls",
          "night"
        ],
        "notes": "Chowmein, egg roll and chai right through the small hours. Cash preferred.",
        "source": "synthetic-fill",
        "verified": null,
        "id": "fd-125"
      }
    },
    {
      "type": "Feature",
      "geometry": {
        "type": "Point",
        "coordinates": [
          88.27855,
          22.5841
        ]
      },
      "properties": {
        "name": "Chanda Chinese Corner - Andul",
        "category": "food",
        "locality": "Andul",
        "address": "31, Andul Road, Andul",
        "always": true,
        "hours": "Open 24 hours",
        "tags": [
          "andul",
          "andul road",
          "food",
          "street food",
          "late night",
          "chai",
          "rolls",
          "night"
        ],
        "notes": "Maggi, omelette and chai until about 4 AM, then shuts for the morning market.",
        "source": "synthetic-fill",
        "verified": null,
        "id": "fd-126"
      }
    },
    {
      "type": "Feature",
      "geometry": {
        "type": "Point",
        "coordinates": [
          88.27233,
          22.60924
        ]
      },
      "properties": {
        "name": "Dada Boudi Roll Centre - Dhulagarh",
        "category": "food",
        "locality": "Dhulagarh",
        "address": "38/2, N. H. 6, Dhulagarh",
        "open": "04:00",
        "close": "10:30",
        "hours": "04:00 - 10:30 daily",
        "tags": [
          "dhulagarh",
          "n. h. 6",
          "food",
          "street food",
          "late night",
          "chai",
          "rolls",
          "night"
        ],
        "notes": "Opens at 4 AM - the closest thing to breakfast if your shift ends at 3:30.",
        "source": "synthetic-fill",
        "verified": null,
        "id": "fd-127"
      }
    },
    {
      "type": "Feature",
      "geometry": {
        "type": "Point",
        "coordinates": [
          88.24317,
          22.61878
        ]
      },
      "properties": {
        "name": "Night Chai & Toast - Domjur",
        "category": "food",
        "locality": "Domjur",
        "address": "26/3, Domjur Road, Domjur",
        "open": "20:00",
        "close": "04:30",
        "hours": "20:00 - 04:30 daily",
        "tags": [
          "domjur",
          "n. h. 6",
          "food",
          "street food",
          "late night",
          "chai",
          "rolls",
          "night"
        ],
        "notes": "Woks only fire up after 7 PM; before that it is a tea shop.",
        "source": "synthetic-fill",
        "verified": null,
        "id": "fd-128"
      }
    },
    {
      "type": "Feature",
      "geometry": {
        "type": "Point",
        "coordinates": [
          88.348,
          22.542
        ]
      },
      "properties": {
        "id": "fu-001",
        "name": "IndianOil - A.J.C. Bose Road",
        "category": "fuel",
        "address": "120 A.J.C. Bose Road, near Rabindra Sadan",
        "always": true,
        "hours": "Open 24 hours",
        "notes": "Air and tyre inflator on the far side; attended all night.",
        "tags": [
          "petrol",
          "diesel",
          "air",
          "indianoil"
        ],
        "verified": null,
        "source": "curated-seed",
        "locality": "Rabindra Sadan"
      }
    },
    {
      "type": "Feature",
      "geometry": {
        "type": "Point",
        "coordinates": [
          88.395,
          22.592
        ]
      },
      "properties": {
        "id": "fu-002",
        "name": "HP Petrol Pump - Ultadanga",
        "category": "fuel",
        "address": "Ultadanga Main Road, near the Hudco crossing",
        "always": true,
        "hours": "Open 24 hours",
        "notes": "Bright forecourt; the safest fill-up point on the north-east corridor.",
        "tags": [
          "petrol",
          "diesel",
          "ultadanga",
          "hp"
        ],
        "verified": null,
        "source": "curated-seed",
        "locality": "Ultadanga"
      }
    },
    {
      "type": "Feature",
      "geometry": {
        "type": "Point",
        "coordinates": [
          88.402,
          22.54
        ]
      },
      "properties": {
        "id": "fu-003",
        "name": "Bharat Petroleum - EM Bypass",
        "category": "fuel",
        "address": "EM Bypass, opposite Science City",
        "always": true,
        "hours": "Open 24 hours",
        "notes": "Easy in-and-out from the bypass, useful when you are low after a long drive.",
        "tags": [
          "petrol",
          "diesel",
          "bypass",
          "science city"
        ],
        "verified": null,
        "source": "curated-seed",
        "locality": "Science City"
      }
    },
    {
      "type": "Feature",
      "geometry": {
        "type": "Point",
        "coordinates": [
          88.348,
          22.585
        ]
      },
      "properties": {
        "id": "fu-004",
        "name": "IndianOil - Strand Road",
        "category": "fuel",
        "address": "8 Strand Road, Howrah bridge approach",
        "always": true,
        "hours": "Open 24 hours",
        "notes": "Last pump before the bridge on the Kolkata side.",
        "tags": [
          "petrol",
          "diesel",
          "strand road",
          "howrah"
        ],
        "verified": null,
        "source": "curated-seed",
        "locality": "Burrabazar"
      }
    },
    {
      "type": "Feature",
      "geometry": {
        "type": "Point",
        "coordinates": [
          88.315,
          22.501
        ]
      },
      "properties": {
        "id": "fu-005",
        "name": "HP Petrol Pump - Behala Chowrasta",
        "category": "fuel",
        "address": "Diamond Harbour Road, Behala Chowrasta",
        "open": "05:00",
        "close": "01:00",
        "hours": "05:00 - 01:00 daily",
        "notes": "Shuts at 1 AM sharp - the southernmost gap in the night network.",
        "tags": [
          "petrol",
          "diesel",
          "behala"
        ],
        "verified": null,
        "source": "curated-seed",
        "locality": "Behala Chowrasta"
      }
    },
    {
      "type": "Feature",
      "geometry": {
        "type": "Point",
        "coordinates": [
          88.439,
          22.64
        ]
      },
      "properties": {
        "id": "fu-006",
        "name": "IndianOil - VIP Road Airport",
        "category": "fuel",
        "address": "VIP Road, near Airport Gate 1",
        "always": true,
        "hours": "Open 24 hours",
        "notes": "The go-to for airport drop-offs at 3 AM; card payment works.",
        "tags": [
          "petrol",
          "diesel",
          "airport",
          "vip road"
        ],
        "verified": null,
        "source": "curated-seed",
        "locality": "Airport"
      }
    },
    {
      "type": "Feature",
      "geometry": {
        "type": "Point",
        "coordinates": [
          88.372,
          22.5385
        ]
      },
      "properties": {
        "id": "fu-007",
        "name": "Night Owl Tyre & Puncture",
        "category": "fuel",
        "address": "4 Suhrawardy Avenue, Park Circus",
        "open": "21:00",
        "close": "06:00",
        "hours": "21:00 - 06:00 daily",
        "notes": "Puncture repair, jump-start and tow hook-up. Call before you roll in.",
        "tags": [
          "mechanic",
          "tyre",
          "puncture",
          "tow",
          "park circus"
        ],
        "verified": null,
        "source": "curated-seed",
        "locality": "Park Circus"
      }
    },
    {
      "type": "Feature",
      "geometry": {
        "type": "Point",
        "coordinates": [
          88.4,
          22.57
        ]
      },
      "properties": {
        "id": "fu-008",
        "name": "Rajdhani Motor Works",
        "category": "fuel",
        "address": "61 Beleghata Main Road",
        "open": "09:00",
        "close": "21:00",
        "hours": "09:00 - 21:00, closed Sunday",
        "closedDays": [
          0
        ],
        "notes": "Daytime workshop only. Listed so you know it is closed at 3 AM.",
        "tags": [
          "mechanic",
          "garage",
          "beleghata",
          "daytime"
        ],
        "verified": null,
        "source": "curated-seed",
        "locality": "Beliaghata"
      }
    },
    {
      "type": "Feature",
      "geometry": {
        "type": "Point",
        "coordinates": [
          88.35381,
          22.5655
        ]
      },
      "properties": {
        "name": "IndianOil Petrol Pump - Esplanade",
        "category": "fuel",
        "locality": "Esplanade",
        "address": "33/7, Bentinck Street, Esplanade",
        "always": true,
        "hours": "Open 24 hours",
        "tags": [
          "esplanade",
          "chowringhee road",
          "fuel",
          "petrol",
          "diesel",
          "night"
        ],
        "notes": "Air and tyre inflator on the far side; attended all night.",
        "source": "synthetic-fill",
        "verified": null,
        "id": "fu-009"
      }
    },
    {
      "type": "Feature",
      "geometry": {
        "type": "Point",
        "coordinates": [
          88.34625,
          22.57241
        ]
      },
      "properties": {
        "name": "Talukdar Fuel Point - Dalhousie Square",
        "category": "fuel",
        "locality": "Dalhousie Square",
        "address": "40/9, Netaji Subhas Road, Dalhousie Square",
        "open": "06:00",
        "close": "23:30",
        "hours": "06:00 - 23:30 daily",
        "tags": [
          "dalhousie square",
          "old court house street",
          "fuel",
          "petrol",
          "diesel",
          "night"
        ],
        "notes": "Card and UPI work at the night counter.",
        "source": "synthetic-fill",
        "verified": null,
        "id": "fu-010"
      }
    },
    {
      "type": "Feature",
      "geometry": {
        "type": "Point",
        "coordinates": [
          88.35823,
          22.56886
        ]
      },
      "properties": {
        "name": "IndianOil - Chandni Chowk Depot Road",
        "category": "fuel",
        "locality": "Chandni Chowk",
        "address": "177, Rabindra Sarani, Chandni Chowk",
        "always": true,
        "hours": "Open 24 hours",
        "tags": [
          "chandni chowk",
          "chandni chowk street",
          "fuel",
          "petrol",
          "diesel",
          "night"
        ],
        "notes": "Air and tyre inflator on the far side; attended all night.",
        "source": "synthetic-fill",
        "verified": null,
        "id": "fu-011"
      }
    },
    {
      "type": "Feature",
      "geometry": {
        "type": "Point",
        "coordinates": [
          88.35399,
          22.57861
        ]
      },
      "properties": {
        "name": "Burrabazar Auto Repair",
        "category": "fuel",
        "locality": "Burrabazar",
        "address": "15, Mahatma Gandhi Road, Burrabazar",
        "open": "21:00",
        "close": "06:00",
        "hours": "21:00 - 06:00 daily",
        "tags": [
          "burrabazar",
          "canning street",
          "fuel",
          "mechanic",
          "diesel",
          "night"
        ],
        "notes": "Tows to the nearest workshop if the damage is beyond a puncture.",
        "source": "synthetic-fill",
        "verified": null,
        "id": "fu-012"
      }
    },
    {
      "type": "Feature",
      "geometry": {
        "type": "Point",
        "coordinates": [
          88.36382,
          22.56889
        ]
      },
      "properties": {
        "name": "Pal Fuel Point - Bowbazar",
        "category": "fuel",
        "locality": "Bowbazar",
        "address": "43, Surya Sen Street, Bowbazar",
        "open": "05:00",
        "close": "01:00",
        "hours": "05:00 - 01:00 daily",
        "tags": [
          "bowbazar",
          "bepin behari ganguly street",
          "fuel",
          "petrol",
          "diesel",
          "night"
        ],
        "notes": "Two attendants on duty after midnight, one always at the pump.",
        "source": "synthetic-fill",
        "verified": null,
        "id": "fu-013"
      }
    },
    {
      "type": "Feature",
      "geometry": {
        "type": "Point",
        "coordinates": [
          88.36061,
          22.57708
        ]
      },
      "properties": {
        "name": "IndianOil Petrol Pump - College Street",
        "category": "fuel",
        "locality": "College Street",
        "address": "147, Bidhan Sarani, College Street",
        "always": true,
        "hours": "Open 24 hours",
        "tags": [
          "college street",
          "bidhan sarani",
          "fuel",
          "petrol",
          "diesel",
          "night"
        ],
        "notes": "Sells sealed engine oil and coolant at night as well.",
        "source": "synthetic-fill",
        "verified": null,
        "id": "fu-014"
      }
    },
    {
      "type": "Feature",
      "geometry": {
        "type": "Point",
        "coordinates": [
          88.37355,
          22.56593
        ]
      },
      "properties": {
        "name": "Roadside Mechanic Point - Sealdah",
        "category": "fuel",
        "locality": "Sealdah",
        "address": "92, Bepin Behari Ganguly Street, Sealdah",
        "open": "21:00",
        "close": "06:00",
        "hours": "21:00 - 06:00 daily",
        "tags": [
          "sealdah",
          "acharya prafulla chandra road",
          "fuel",
          "mechanic",
          "diesel",
          "night"
        ],
        "notes": "Tows to the nearest workshop if the damage is beyond a puncture.",
        "source": "synthetic-fill",
        "verified": null,
        "id": "fu-015"
      }
    },
    {
      "type": "Feature",
      "geometry": {
        "type": "Point",
        "coordinates": [
          88.36295,
          22.55254
        ]
      },
      "properties": {
        "name": "Nayara Energy - Taltala",
        "category": "fuel",
        "locality": "Taltala",
        "address": "144B, Taltala Lane, Taltala",
        "open": "06:00",
        "close": "23:30",
        "hours": "06:00 - 23:30 daily",
        "tags": [
          "taltala",
          "simla street",
          "fuel",
          "petrol",
          "diesel",
          "night"
        ],
        "notes": "Air and tyre inflator on the far side; attended all night.",
        "source": "synthetic-fill",
        "verified": null,
        "id": "fu-016"
      }
    },
    {
      "type": "Feature",
      "geometry": {
        "type": "Point",
        "coordinates": [
          88.35066,
          22.55438
        ]
      },
      "properties": {
        "name": "Nayara Energy - Park Street",
        "category": "fuel",
        "locality": "Park Street",
        "address": "77C, Park Street, Park Street",
        "always": true,
        "hours": "Open 24 hours",
        "tags": [
          "park street",
          "park street",
          "fuel",
          "petrol",
          "diesel",
          "night"
        ],
        "notes": "Sells sealed engine oil and coolant at night as well.",
        "source": "synthetic-fill",
        "verified": null,
        "id": "fu-017"
      }
    },
    {
      "type": "Feature",
      "geometry": {
        "type": "Point",
        "coordinates": [
          88.34916,
          22.55795
        ]
      },
      "properties": {
        "name": "Seal Fuel Point - New Market",
        "category": "fuel",
        "locality": "New Market",
        "address": "35/1, Lindsay Street, New Market",
        "always": true,
        "hours": "Open 24 hours",
        "tags": [
          "new market",
          "lindsay street",
          "fuel",
          "petrol",
          "diesel",
          "night"
        ],
        "notes": "Sells sealed engine oil and coolant at night as well.",
        "source": "synthetic-fill",
        "verified": null,
        "id": "fu-018"
      }
    },
    {
      "type": "Feature",
      "geometry": {
        "type": "Point",
        "coordinates": [
          88.3712,
          22.5413
        ]
      },
      "properties": {
        "name": "Bharat Petroleum - Park Circus",
        "category": "fuel",
        "locality": "Park Circus",
        "address": "158, Suhrawardy Avenue, Park Circus",
        "open": "05:00",
        "close": "01:00",
        "hours": "05:00 - 01:00 daily",
        "tags": [
          "park circus",
          "suhrawardy avenue",
          "fuel",
          "petrol",
          "diesel",
          "night"
        ],
        "notes": "Card and UPI work at the night counter.",
        "source": "synthetic-fill",
        "verified": null,
        "id": "fu-019"
      }
    },
    {
      "type": "Feature",
      "geometry": {
        "type": "Point",
        "coordinates": [
          88.35455,
          22.54655
        ]
      },
      "properties": {
        "name": "Minto Park Service Station",
        "category": "fuel",
        "locality": "Minto Park",
        "address": "15/7, A. J. C. Bose Road, Minto Park",
        "open": "06:00",
        "close": "23:30",
        "hours": "06:00 - 23:30 daily",
        "tags": [
          "minto park",
          "elgin road",
          "fuel",
          "petrol",
          "diesel",
          "night"
        ],
        "notes": "Card and UPI work at the night counter.",
        "source": "synthetic-fill",
        "verified": null,
        "id": "fu-020"
      }
    },
    {
      "type": "Feature",
      "geometry": {
        "type": "Point",
        "coordinates": [
          88.34012,
          22.52173
        ]
      },
      "properties": {
        "name": "Puncture & Air Point - Kalighat",
        "category": "fuel",
        "locality": "Kalighat",
        "address": "18/1, Kali Temple Road, Kalighat",
        "open": "21:00",
        "close": "06:00",
        "hours": "21:00 - 06:00 daily",
        "tags": [
          "kalighat",
          "shyama prasad mukherjee road",
          "fuel",
          "mechanic",
          "diesel",
          "night"
        ],
        "notes": "Keeps a few spare tubes for scooters, which is the usual 2 AM problem.",
        "source": "synthetic-fill",
        "verified": null,
        "id": "fu-021"
      }
    },
    {
      "type": "Feature",
      "geometry": {
        "type": "Point",
        "coordinates": [
          88.34675,
          22.5003
        ]
      },
      "properties": {
        "name": "IndianOil Petrol Pump - Tollygunge",
        "category": "fuel",
        "locality": "Tollygunge",
        "address": "2/6, Deshapran Sashmal Road, Tollygunge",
        "always": true,
        "hours": "Open 24 hours",
        "tags": [
          "tollygunge",
          "deshapran sashmal road",
          "fuel",
          "petrol",
          "diesel",
          "night"
        ],
        "notes": "Tyre pressure gauge kept behind the counter - ask for it.",
        "source": "synthetic-fill",
        "verified": null,
        "id": "fu-022"
      }
    },
    {
      "type": "Feature",
      "geometry": {
        "type": "Point",
        "coordinates": [
          88.3403,
          22.5554
        ]
      },
      "properties": {
        "name": "Nayara Energy - Maidan",
        "category": "fuel",
        "locality": "Maidan",
        "address": "22B, Outram Road, Maidan",
        "always": true,
        "hours": "Open 24 hours",
        "tags": [
          "maidan",
          "mayo road",
          "fuel",
          "petrol",
          "diesel",
          "night"
        ],
        "notes": "Card and UPI work at the night counter.",
        "source": "synthetic-fill",
        "verified": null,
        "id": "fu-023"
      }
    },
    {
      "type": "Feature",
      "geometry": {
        "type": "Point",
        "coordinates": [
          88.34408,
          22.54492
        ]
      },
      "properties": {
        "name": "Bhattacharya Car Care Centre - Rabindra Sadan",
        "category": "fuel",
        "locality": "Rabindra Sadan",
        "address": "4/7, Maidan Row, Rabindra Sadan",
        "open": "21:00",
        "close": "06:00",
        "hours": "21:00 - 06:00 daily",
        "tags": [
          "rabindra sadan",
          "cathedral road",
          "fuel",
          "mechanic",
          "diesel",
          "night"
        ],
        "notes": "Keeps a few spare tubes for scooters, which is the usual 2 AM problem.",
        "source": "synthetic-fill",
        "verified": null,
        "id": "fu-024"
      }
    },
    {
      "type": "Feature",
      "geometry": {
        "type": "Point",
        "coordinates": [
          88.35503,
          22.5145
        ]
      },
      "properties": {
        "name": "HP Petrol Pump - Rashbehari",
        "category": "fuel",
        "locality": "Rashbehari",
        "address": "51, Lake Gardens Road, Rashbehari",
        "open": "05:00",
        "close": "01:00",
        "hours": "05:00 - 01:00 daily",
        "tags": [
          "rashbehari",
          "southern avenue",
          "fuel",
          "petrol",
          "diesel",
          "night"
        ],
        "notes": "Two attendants on duty after midnight, one always at the pump.",
        "source": "synthetic-fill",
        "verified": null,
        "id": "fu-025"
      }
    },
    {
      "type": "Feature",
      "geometry": {
        "type": "Point",
        "coordinates": [
          88.36547,
          22.52194
        ]
      },
      "properties": {
        "name": "Nayara Energy - Ballygunge",
        "category": "fuel",
        "locality": "Ballygunge",
        "address": "79, Ballygunge Circular Road, Ballygunge",
        "always": true,
        "hours": "Open 24 hours",
        "tags": [
          "ballygunge",
          "ballygunge circular road",
          "fuel",
          "petrol",
          "diesel",
          "night"
        ],
        "notes": "Card and UPI work at the night counter.",
        "source": "synthetic-fill",
        "verified": null,
        "id": "fu-026"
      }
    },
    {
      "type": "Feature",
      "geometry": {
        "type": "Point",
        "coordinates": [
          88.37022,
          22.51555
        ]
      },
      "properties": {
        "name": "Mondal Tyre House - Gariahat",
        "category": "fuel",
        "locality": "Gariahat",
        "address": "54, Gariahat Road, Gariahat",
        "open": "21:00",
        "close": "06:00",
        "hours": "21:00 - 06:00 daily",
        "tags": [
          "gariahat",
          "rashbehari avenue",
          "fuel",
          "mechanic",
          "diesel",
          "night"
        ],
        "notes": "Puncture repair, jump-start and tow hook-up. Call before you roll in.",
        "source": "synthetic-fill",
        "verified": null,
        "id": "fu-027"
      }
    },
    {
      "type": "Feature",
      "geometry": {
        "type": "Point",
        "coordinates": [
          88.36463,
          22.5125
        ]
      },
      "properties": {
        "name": "Shell Petrol Pump - Golpark",
        "category": "fuel",
        "locality": "Golpark",
        "address": "35/9, Rammohan Roy Road, Golpark",
        "always": true,
        "hours": "Open 24 hours",
        "tags": [
          "golpark",
          "rammohan roy road",
          "fuel",
          "petrol",
          "diesel",
          "night"
        ],
        "notes": "Sells sealed engine oil and coolant at night as well.",
        "source": "synthetic-fill",
        "verified": null,
        "id": "fu-028"
      }
    },
    {
      "type": "Feature",
      "geometry": {
        "type": "Point",
        "coordinates": [
          88.36837,
          22.5095
        ]
      },
      "properties": {
        "name": "Nayara Energy - Dhakuria",
        "category": "fuel",
        "locality": "Dhakuria",
        "address": "32/2, Dhakuria Bridge Road, Dhakuria",
        "hours": "Open 24 hours",
        "tags": [
          "dhakuria",
          "dhakuria bridge road",
          "fuel",
          "petrol",
          "diesel",
          "night"
        ],
        "notes": "Air and tyre inflator on the far side; attended all night.",
        "source": "synthetic-fill",
        "verified": null,
        "id": "fu-029",
        "always": true,
        "nightGuaranteed": true
      }
    },
    {
      "type": "Feature",
      "geometry": {
        "type": "Point",
        "coordinates": [
          88.37279,
          22.49965
        ]
      },
      "properties": {
        "name": "Nayara Energy - Jadavpur",
        "category": "fuel",
        "locality": "Jadavpur",
        "address": "9/7, Raja S. C. Mallick Road, Jadavpur",
        "open": "05:00",
        "close": "01:00",
        "hours": "05:00 - 01:00 daily",
        "tags": [
          "jadavpur",
          "prince anwar shah road",
          "fuel",
          "petrol",
          "diesel",
          "night"
        ],
        "notes": "Sells sealed engine oil and coolant at night as well.",
        "source": "synthetic-fill",
        "verified": null,
        "id": "fu-030"
      }
    },
    {
      "type": "Feature",
      "geometry": {
        "type": "Point",
        "coordinates": [
          88.33748,
          22.55646
        ]
      },
      "properties": {
        "name": "Reliance Petrol Pump - Babughat",
        "category": "fuel",
        "locality": "Babughat",
        "address": "69, Strand Road, Babughat",
        "always": true,
        "hours": "Open 24 hours",
        "tags": [
          "babughat",
          "mayo road",
          "fuel",
          "petrol",
          "diesel",
          "night"
        ],
        "notes": "Two attendants on duty after midnight, one always at the pump.",
        "source": "synthetic-fill",
        "verified": null,
        "id": "fu-031"
      }
    },
    {
      "type": "Feature",
      "geometry": {
        "type": "Point",
        "coordinates": [
          88.33511,
          22.55744
        ]
      },
      "properties": {
        "name": "HP Petrol Pump - Princep Ghat",
        "category": "fuel",
        "locality": "Princep Ghat",
        "address": "85A, Princep Ghat Approach, Princep Ghat",
        "always": true,
        "hours": "Open 24 hours",
        "tags": [
          "princep ghat",
          "princep ghat approach",
          "fuel",
          "petrol",
          "diesel",
          "night"
        ],
        "notes": "Card and UPI work at the night counter.",
        "source": "synthetic-fill",
        "verified": null,
        "id": "fu-032"
      }
    },
    {
      "type": "Feature",
      "geometry": {
        "type": "Point",
        "coordinates": [
          88.31261,
          22.50584
        ]
      },
      "properties": {
        "name": "Das Fuel Point - Taratala",
        "category": "fuel",
        "locality": "Taratala",
        "address": "147, M. G. Road, Taratala",
        "always": true,
        "hours": "Open 24 hours",
        "tags": [
          "taratala",
          "taratala road",
          "fuel",
          "petrol",
          "diesel",
          "night"
        ],
        "notes": "Two attendants on duty after midnight, one always at the pump.",
        "source": "synthetic-fill",
        "verified": null,
        "id": "fu-033"
      }
    },
    {
      "type": "Feature",
      "geometry": {
        "type": "Point",
        "coordinates": [
          88.31465,
          22.50259
        ]
      },
      "properties": {
        "name": "Ghosh Filling Station - Behala Chowrasta",
        "category": "fuel",
        "locality": "Behala Chowrasta",
        "address": "2, James Long Sarani, Behala Chowrasta",
        "always": true,
        "hours": "Open 24 hours",
        "tags": [
          "behala chowrasta",
          "behala chowrasta road",
          "fuel",
          "petrol",
          "diesel",
          "night"
        ],
        "notes": "Two attendants on duty after midnight, one always at the pump.",
        "source": "synthetic-fill",
        "verified": null,
        "id": "fu-034"
      }
    },
    {
      "type": "Feature",
      "geometry": {
        "type": "Point",
        "coordinates": [
          88.37519,
          22.46882
        ]
      },
      "properties": {
        "name": "IndianOil Petrol Pump - Garia",
        "category": "fuel",
        "locality": "Garia",
        "address": "31/8, Boral Main Road, Garia",
        "always": true,
        "hours": "Open 24 hours",
        "tags": [
          "garia",
          "boral main road",
          "fuel",
          "petrol",
          "diesel",
          "night"
        ],
        "notes": "Bright forecourt - the safest fill-up point on this stretch.",
        "source": "synthetic-fill",
        "verified": null,
        "id": "fu-035"
      }
    },
    {
      "type": "Feature",
      "geometry": {
        "type": "Point",
        "coordinates": [
          88.39386,
          22.47232
        ]
      },
      "properties": {
        "name": "Basu Car Care Centre - New Garia",
        "category": "fuel",
        "locality": "New Garia",
        "address": "180, Satyen Roy Road, New Garia",
        "hours": "Open 24 hours",
        "tags": [
          "new garia",
          "satyen roy road",
          "fuel",
          "mechanic",
          "diesel",
          "night"
        ],
        "notes": "Tows to the nearest workshop if the damage is beyond a puncture.",
        "source": "synthetic-fill",
        "verified": null,
        "id": "fu-036",
        "always": true,
        "nightGuaranteed": true
      }
    },
    {
      "type": "Feature",
      "geometry": {
        "type": "Point",
        "coordinates": [
          88.39529,
          22.49927
        ]
      },
      "properties": {
        "name": "Dutta Motor Works - Mukundapur",
        "category": "fuel",
        "locality": "Mukundapur",
        "address": "92, E. M. Bypass, Mukundapur",
        "open": "09:00",
        "close": "21:00",
        "closedDays": [
          0
        ],
        "hours": "09:00 - 21:00, closed Sunday",
        "tags": [
          "mukundapur",
          "mukundapur main road",
          "fuel",
          "mechanic",
          "diesel",
          "night"
        ],
        "notes": "Night puncture shop: mostly tyres, but they will look at a dead battery.",
        "source": "synthetic-fill",
        "verified": null,
        "id": "fu-037"
      }
    },
    {
      "type": "Feature",
      "geometry": {
        "type": "Point",
        "coordinates": [
          88.4034,
          22.50687
        ]
      },
      "properties": {
        "name": "IndianOil - Anandapur Depot Road",
        "category": "fuel",
        "locality": "Anandapur",
        "address": "100, Ruby Hospital Road, Anandapur",
        "always": true,
        "hours": "Open 24 hours",
        "tags": [
          "anandapur",
          "e. m. bypass",
          "fuel",
          "petrol",
          "diesel",
          "night"
        ],
        "notes": "Bright forecourt - the safest fill-up point on this stretch.",
        "source": "synthetic-fill",
        "verified": null,
        "id": "fu-038"
      }
    },
    {
      "type": "Feature",
      "geometry": {
        "type": "Point",
        "coordinates": [
          88.4033,
          22.54026
        ]
      },
      "properties": {
        "name": "Shell Petrol Pump - Science City",
        "category": "fuel",
        "locality": "Science City",
        "address": "157, J. B. S. Haldane Avenue, Science City",
        "always": true,
        "hours": "Open 24 hours",
        "tags": [
          "science city",
          "e. m. bypass",
          "fuel",
          "petrol",
          "diesel",
          "night"
        ],
        "notes": "Air and tyre inflator on the far side; attended all night.",
        "source": "synthetic-fill",
        "verified": null,
        "id": "fu-039"
      }
    },
    {
      "type": "Feature",
      "geometry": {
        "type": "Point",
        "coordinates": [
          88.39242,
          22.51505
        ]
      },
      "properties": {
        "name": "Kasba Service Station",
        "category": "fuel",
        "locality": "Kasba",
        "address": "15/9, Rashbehari Connector, Kasba",
        "open": "06:00",
        "close": "23:30",
        "hours": "06:00 - 23:30 daily",
        "tags": [
          "kasba",
          "kasba road",
          "fuel",
          "petrol",
          "diesel",
          "night"
        ],
        "notes": "Sells sealed engine oil and coolant at night as well.",
        "source": "synthetic-fill",
        "verified": null,
        "id": "fu-040"
      }
    },
    {
      "type": "Feature",
      "geometry": {
        "type": "Point",
        "coordinates": [
          88.38777,
          22.54413
        ]
      },
      "properties": {
        "name": "Seal Tyre House - Topsia",
        "category": "fuel",
        "locality": "Topsia",
        "address": "33, Topsia Road, Topsia",
        "open": "21:00",
        "close": "06:00",
        "hours": "21:00 - 06:00 daily",
        "tags": [
          "topsia",
          "bhagat singh road",
          "fuel",
          "mechanic",
          "diesel",
          "night"
        ],
        "notes": "Keeps a few spare tubes for scooters, which is the usual 2 AM problem.",
        "source": "synthetic-fill",
        "verified": null,
        "id": "fu-041"
      }
    },
    {
      "type": "Feature",
      "geometry": {
        "type": "Point",
        "coordinates": [
          88.39088,
          22.54662
        ]
      },
      "properties": {
        "name": "Tangra Service Station",
        "category": "fuel",
        "locality": "Tangra",
        "address": "1, New China Bazar Road, Tangra",
        "open": "05:00",
        "close": "01:00",
        "hours": "05:00 - 01:00 daily",
        "tags": [
          "tangra",
          "tangra road",
          "fuel",
          "petrol",
          "diesel",
          "night"
        ],
        "notes": "Air and tyre inflator on the far side; attended all night.",
        "source": "synthetic-fill",
        "verified": null,
        "id": "fu-042"
      }
    },
    {
      "type": "Feature",
      "geometry": {
        "type": "Point",
        "coordinates": [
          88.40688,
          22.53035
        ]
      },
      "properties": {
        "name": "Bharat Petroleum - VIP Bazar",
        "category": "fuel",
        "locality": "VIP Bazar",
        "address": "28/3, VIP Road, VIP Bazar",
        "always": true,
        "hours": "Open 24 hours",
        "tags": [
          "vip bazar",
          "vip road",
          "fuel",
          "petrol",
          "diesel",
          "night"
        ],
        "notes": "Air and tyre inflator on the far side; attended all night.",
        "source": "synthetic-fill",
        "verified": null,
        "id": "fu-043"
      }
    },
    {
      "type": "Feature",
      "geometry": {
        "type": "Point",
        "coordinates": [
          88.37048,
          22.59977
        ]
      },
      "properties": {
        "name": "Nayara Energy - Shyambazar",
        "category": "fuel",
        "locality": "Shyambazar",
        "address": "33/5, Bhairab Dutta Lane, Shyambazar",
        "always": true,
        "hours": "Open 24 hours",
        "tags": [
          "shyambazar",
          "bidhan sarani",
          "fuel",
          "petrol",
          "diesel",
          "night"
        ],
        "notes": "Sells sealed engine oil and coolant at night as well.",
        "source": "synthetic-fill",
        "verified": null,
        "id": "fu-044"
      }
    },
    {
      "type": "Feature",
      "geometry": {
        "type": "Point",
        "coordinates": [
          88.35954,
          22.59351
        ]
      },
      "properties": {
        "name": "IndianOil - Chitpur Depot Road",
        "category": "fuel",
        "locality": "Chitpur",
        "address": "18/5, Rabindra Sarani, Chitpur",
        "open": "05:00",
        "close": "01:00",
        "hours": "05:00 - 01:00 daily",
        "tags": [
          "chitpur",
          "chitpur road",
          "fuel",
          "petrol",
          "diesel",
          "night"
        ],
        "notes": "Card and UPI work at the night counter.",
        "source": "synthetic-fill",
        "verified": null,
        "id": "fu-045"
      }
    },
    {
      "type": "Feature",
      "geometry": {
        "type": "Point",
        "coordinates": [
          88.38306,
          22.60325
        ]
      },
      "properties": {
        "name": "IndianOil - Belgachia Depot Road",
        "category": "fuel",
        "locality": "Belgachia",
        "address": "1/2, Belgachia Road, Belgachia",
        "always": true,
        "hours": "Open 24 hours",
        "tags": [
          "belgachia",
          "b. t. road",
          "fuel",
          "petrol",
          "diesel",
          "night"
        ],
        "notes": "Card and UPI work at the night counter.",
        "source": "synthetic-fill",
        "verified": null,
        "id": "fu-046"
      }
    },
    {
      "type": "Feature",
      "geometry": {
        "type": "Point",
        "coordinates": [
          88.36271,
          22.58861
        ]
      },
      "properties": {
        "name": "IndianOil - Girish Park Depot Road",
        "category": "fuel",
        "locality": "Girish Park",
        "address": "39, Bidhan Sarani, Girish Park",
        "always": true,
        "hours": "Open 24 hours",
        "tags": [
          "girish park",
          "chittaranjan avenue",
          "fuel",
          "petrol",
          "diesel",
          "night"
        ],
        "notes": "Sells sealed engine oil and coolant at night as well.",
        "source": "synthetic-fill",
        "verified": null,
        "id": "fu-047"
      }
    },
    {
      "type": "Feature",
      "geometry": {
        "type": "Point",
        "coordinates": [
          88.36152,
          22.584
        ]
      },
      "properties": {
        "name": "IndianOil - Mahatma Gandhi Road Depot Road",
        "category": "fuel",
        "locality": "Mahatma Gandhi Road",
        "address": "99A, Rabindra Sarani, Mahatma Gandhi Road",
        "always": true,
        "hours": "Open 24 hours",
        "tags": [
          "mahatma gandhi road",
          "mahatma gandhi road",
          "fuel",
          "petrol",
          "diesel",
          "night"
        ],
        "notes": "Two attendants on duty after midnight, one always at the pump.",
        "source": "synthetic-fill",
        "verified": null,
        "id": "fu-048"
      }
    },
    {
      "type": "Feature",
      "geometry": {
        "type": "Point",
        "coordinates": [
          88.37575,
          22.58375
        ]
      },
      "properties": {
        "name": "IndianOil Petrol Pump - Maniktala",
        "category": "fuel",
        "locality": "Maniktala",
        "address": "59, Acharya Prafulla Chandra Road, Maniktala",
        "always": true,
        "hours": "Open 24 hours",
        "tags": [
          "maniktala",
          "vivekananda road",
          "fuel",
          "petrol",
          "diesel",
          "night"
        ],
        "notes": "Tyre pressure gauge kept behind the counter - ask for it.",
        "source": "synthetic-fill",
        "verified": null,
        "id": "fu-049"
      }
    },
    {
      "type": "Feature",
      "geometry": {
        "type": "Point",
        "coordinates": [
          88.38888,
          22.58244
        ]
      },
      "properties": {
        "name": "Bharat Petroleum - Kankurgachi",
        "category": "fuel",
        "locality": "Kankurgachi",
        "address": "20/2, C. I. T. Road, Kankurgachi",
        "always": true,
        "hours": "Open 24 hours",
        "tags": [
          "kankurgachi",
          "kankurgachi road",
          "fuel",
          "petrol",
          "diesel",
          "night"
        ],
        "notes": "Two attendants on duty after midnight, one always at the pump.",
        "source": "synthetic-fill",
        "verified": null,
        "id": "fu-050"
      }
    },
    {
      "type": "Feature",
      "geometry": {
        "type": "Point",
        "coordinates": [
          88.39622,
          22.59053
        ]
      },
      "properties": {
        "name": "Bharat Petroleum - Ultadanga",
        "category": "fuel",
        "locality": "Ultadanga",
        "address": "49, Ultadanga Main Road, Ultadanga",
        "always": true,
        "hours": "Open 24 hours",
        "tags": [
          "ultadanga",
          "ultadanga main road",
          "fuel",
          "petrol",
          "diesel",
          "night"
        ],
        "notes": "Card and UPI work at the night counter.",
        "source": "synthetic-fill",
        "verified": null,
        "id": "fu-051"
      }
    },
    {
      "type": "Feature",
      "geometry": {
        "type": "Point",
        "coordinates": [
          88.40323,
          22.60484
        ]
      },
      "properties": {
        "name": "IndianOil Petrol Pump - Lake Town",
        "category": "fuel",
        "locality": "Lake Town",
        "address": "167, VIP Road, Lake Town",
        "always": true,
        "hours": "Open 24 hours",
        "tags": [
          "lake town",
          "jessore road",
          "fuel",
          "petrol",
          "diesel",
          "night"
        ],
        "notes": "Card and UPI work at the night counter.",
        "source": "synthetic-fill",
        "verified": null,
        "id": "fu-052"
      }
    },
    {
      "type": "Feature",
      "geometry": {
        "type": "Point",
        "coordinates": [
          88.41455,
          22.62717
        ]
      },
      "properties": {
        "name": "Bagchi Car Care Centre - Nagerbazar",
        "category": "fuel",
        "locality": "Nagerbazar",
        "address": "9, Nagerbazar Road, Nagerbazar",
        "open": "21:00",
        "close": "06:00",
        "hours": "21:00 - 06:00 daily",
        "tags": [
          "nagerbazar",
          "jessore road",
          "fuel",
          "mechanic",
          "diesel",
          "night"
        ],
        "notes": "Tows to the nearest workshop if the damage is beyond a puncture.",
        "source": "synthetic-fill",
        "verified": null,
        "id": "fu-053"
      }
    },
    {
      "type": "Feature",
      "geometry": {
        "type": "Point",
        "coordinates": [
          88.40264,
          22.63354
        ]
      },
      "properties": {
        "name": "IndianOil Petrol Pump - Dum Dum",
        "category": "fuel",
        "locality": "Dum Dum",
        "address": "83, Jessore Road, Dum Dum",
        "always": true,
        "hours": "Open 24 hours",
        "tags": [
          "dum dum",
          "station road",
          "fuel",
          "petrol",
          "diesel",
          "night"
        ],
        "notes": "Two attendants on duty after midnight, one always at the pump.",
        "source": "synthetic-fill",
        "verified": null,
        "id": "fu-054"
      }
    },
    {
      "type": "Feature",
      "geometry": {
        "type": "Point",
        "coordinates": [
          88.44578,
          22.65363
        ]
      },
      "properties": {
        "name": "Reliance Petrol Pump - Airport",
        "category": "fuel",
        "locality": "Airport",
        "address": "58, Jessore Road, Airport",
        "always": true,
        "hours": "Open 24 hours",
        "tags": [
          "airport",
          "vip road",
          "fuel",
          "petrol",
          "diesel",
          "night"
        ],
        "notes": "Tyre pressure gauge kept behind the counter - ask for it.",
        "source": "synthetic-fill",
        "verified": null,
        "id": "fu-055"
      }
    },
    {
      "type": "Feature",
      "geometry": {
        "type": "Point",
        "coordinates": [
          88.46637,
          22.58915
        ]
      },
      "properties": {
        "name": "IndianOil - Rajarhat New Town Depot Road",
        "category": "fuel",
        "locality": "Rajarhat New Town",
        "address": "133, New Town Road, Rajarhat New Town",
        "always": true,
        "hours": "Open 24 hours",
        "tags": [
          "rajarhat new town",
          "action area i road",
          "fuel",
          "petrol",
          "diesel",
          "night"
        ],
        "notes": "Bright forecourt - the safest fill-up point on this stretch.",
        "source": "synthetic-fill",
        "verified": null,
        "id": "fu-056"
      }
    },
    {
      "type": "Feature",
      "geometry": {
        "type": "Point",
        "coordinates": [
          88.47266,
          22.59763
        ]
      },
      "properties": {
        "name": "Chakraborty Filling Station - New Town AA II",
        "category": "fuel",
        "locality": "New Town AA II",
        "address": "117, Chinar Park Road, New Town AA II",
        "always": true,
        "hours": "Open 24 hours",
        "tags": [
          "new town aa ii",
          "chinar park road",
          "fuel",
          "petrol",
          "diesel",
          "night"
        ],
        "notes": "Card and UPI work at the night counter.",
        "source": "synthetic-fill",
        "verified": null,
        "id": "fu-057"
      }
    },
    {
      "type": "Feature",
      "geometry": {
        "type": "Point",
        "coordinates": [
          88.45356,
          22.61749
        ]
      },
      "properties": {
        "name": "Haldar Filling Station - Chinar Park",
        "category": "fuel",
        "locality": "Chinar Park",
        "address": "172, VIP Road, Chinar Park",
        "always": true,
        "hours": "Open 24 hours",
        "tags": [
          "chinar park",
          "jessore road",
          "fuel",
          "petrol",
          "diesel",
          "night"
        ],
        "notes": "Tyre pressure gauge kept behind the counter - ask for it.",
        "source": "synthetic-fill",
        "verified": null,
        "id": "fu-058"
      }
    },
    {
      "type": "Feature",
      "geometry": {
        "type": "Point",
        "coordinates": [
          88.43219,
          22.61005
        ]
      },
      "properties": {
        "name": "Baguiati Service Station",
        "category": "fuel",
        "locality": "Baguiati",
        "address": "169, VIP Road, Baguiati",
        "always": true,
        "hours": "Open 24 hours",
        "tags": [
          "baguiati",
          "vip road",
          "fuel",
          "petrol",
          "diesel",
          "night"
        ],
        "notes": "Card and UPI work at the night counter.",
        "source": "synthetic-fill",
        "verified": null,
        "id": "fu-059"
      }
    },
    {
      "type": "Feature",
      "geometry": {
        "type": "Point",
        "coordinates": [
          88.47798,
          22.71999
        ]
      },
      "properties": {
        "name": "IndianOil - Barasat Depot Road",
        "category": "fuel",
        "locality": "Barasat",
        "address": "31, Nabapally Road, Barasat",
        "always": true,
        "hours": "Open 24 hours",
        "tags": [
          "barasat",
          "jessore road",
          "fuel",
          "petrol",
          "diesel",
          "night"
        ],
        "notes": "Tyre pressure gauge kept behind the counter - ask for it.",
        "source": "synthetic-fill",
        "verified": null,
        "id": "fu-060"
      }
    },
    {
      "type": "Feature",
      "geometry": {
        "type": "Point",
        "coordinates": [
          88.38817,
          22.6884
        ]
      },
      "properties": {
        "name": "IndianOil Petrol Pump - Sodepur",
        "category": "fuel",
        "locality": "Sodepur",
        "address": "18/6, Station Road, Sodepur",
        "always": true,
        "hours": "Open 24 hours",
        "tags": [
          "sodepur",
          "b. t. road",
          "fuel",
          "petrol",
          "diesel",
          "night"
        ],
        "notes": "Air and tyre inflator on the far side; attended all night.",
        "source": "synthetic-fill",
        "verified": null,
        "id": "fu-061"
      }
    },
    {
      "type": "Feature",
      "geometry": {
        "type": "Point",
        "coordinates": [
          88.37242,
          22.76303
        ]
      },
      "properties": {
        "name": "IndianOil Petrol Pump - Barrackpore",
        "category": "fuel",
        "locality": "Barrackpore",
        "address": "54, Barrackpore Station Road, Barrackpore",
        "always": true,
        "hours": "Open 24 hours",
        "tags": [
          "barrackpore",
          "talpukur road",
          "fuel",
          "petrol",
          "diesel",
          "night"
        ],
        "notes": "Bright forecourt - the safest fill-up point on this stretch.",
        "source": "synthetic-fill",
        "verified": null,
        "id": "fu-062"
      }
    },
    {
      "type": "Feature",
      "geometry": {
        "type": "Point",
        "coordinates": [
          88.4105,
          22.5875
        ]
      },
      "properties": {
        "name": "IndianOil - Salt Lake Sector I Depot Road",
        "category": "fuel",
        "locality": "Salt Lake Sector I",
        "address": "151, Broadway Road, Salt Lake Sector I",
        "always": true,
        "hours": "Open 24 hours",
        "tags": [
          "salt lake sector i",
          "kestopur bridge road",
          "fuel",
          "petrol",
          "diesel",
          "night"
        ],
        "notes": "Two attendants on duty after midnight, one always at the pump.",
        "source": "synthetic-fill",
        "verified": null,
        "id": "fu-063"
      }
    },
    {
      "type": "Feature",
      "geometry": {
        "type": "Point",
        "coordinates": [
          88.41631,
          22.58647
        ]
      },
      "properties": {
        "name": "Shell Petrol Pump - Salt Lake Sector II",
        "category": "fuel",
        "locality": "Salt Lake Sector II",
        "address": "30/8, Central Park Road, Salt Lake Sector II",
        "open": "05:00",
        "close": "01:00",
        "hours": "05:00 - 01:00 daily",
        "tags": [
          "salt lake sector ii",
          "sector ii road",
          "fuel",
          "petrol",
          "diesel",
          "night"
        ],
        "notes": "Tyre pressure gauge kept behind the counter - ask for it.",
        "source": "synthetic-fill",
        "verified": null,
        "id": "fu-064"
      }
    },
    {
      "type": "Feature",
      "geometry": {
        "type": "Point",
        "coordinates": [
          88.40202,
          22.58033
        ]
      },
      "properties": {
        "name": "HP Petrol Pump - Salt Lake Sector III",
        "category": "fuel",
        "locality": "Salt Lake Sector III",
        "address": "10/1, Sector III Road, Salt Lake Sector III",
        "open": "05:00",
        "close": "01:00",
        "hours": "05:00 - 01:00 daily",
        "tags": [
          "salt lake sector iii",
          "broadway road",
          "fuel",
          "petrol",
          "diesel",
          "night"
        ],
        "notes": "Bright forecourt - the safest fill-up point on this stretch.",
        "source": "synthetic-fill",
        "verified": null,
        "id": "fu-065"
      }
    },
    {
      "type": "Feature",
      "geometry": {
        "type": "Point",
        "coordinates": [
          88.4181,
          22.58744
        ]
      },
      "properties": {
        "name": "HP Petrol Pump - Karunamoyee",
        "category": "fuel",
        "locality": "Karunamoyee",
        "address": "29/8, Sector II Road, Karunamoyee",
        "always": true,
        "hours": "Open 24 hours",
        "tags": [
          "karunamoyee",
          "sector ii road",
          "fuel",
          "petrol",
          "diesel",
          "night"
        ],
        "notes": "Sells sealed engine oil and coolant at night as well.",
        "source": "synthetic-fill",
        "verified": null,
        "id": "fu-066"
      }
    },
    {
      "type": "Feature",
      "geometry": {
        "type": "Point",
        "coordinates": [
          88.4316,
          22.57464
        ]
      },
      "properties": {
        "name": "HP Petrol Pump - Salt Lake Sector V",
        "category": "fuel",
        "locality": "Salt Lake Sector V",
        "address": "80, DN Block Road, Salt Lake Sector V",
        "open": "05:00",
        "close": "01:00",
        "hours": "05:00 - 01:00 daily",
        "tags": [
          "salt lake sector v",
          "dn block road",
          "fuel",
          "petrol",
          "diesel",
          "night"
        ],
        "notes": "Air and tyre inflator on the far side; attended all night.",
        "source": "synthetic-fill",
        "verified": null,
        "id": "fu-067"
      }
    },
    {
      "type": "Feature",
      "geometry": {
        "type": "Point",
        "coordinates": [
          88.4347,
          22.5761
        ]
      },
      "properties": {
        "name": "Pal Filling Station - College More",
        "category": "fuel",
        "locality": "College More",
        "address": "6, DN Block Road, College More",
        "always": true,
        "hours": "Open 24 hours",
        "tags": [
          "college more",
          "sector v road",
          "fuel",
          "petrol",
          "diesel",
          "night"
        ],
        "notes": "Tyre pressure gauge kept behind the counter - ask for it.",
        "source": "synthetic-fill",
        "verified": null,
        "id": "fu-068"
      }
    },
    {
      "type": "Feature",
      "geometry": {
        "type": "Point",
        "coordinates": [
          88.40799,
          22.56941
        ]
      },
      "properties": {
        "name": "Bharat Petroleum - Salt Lake Stadium",
        "category": "fuel",
        "locality": "Salt Lake Stadium",
        "address": "64B, Stadium Approach Road, Salt Lake Stadium",
        "hours": "Open 24 hours",
        "tags": [
          "salt lake stadium",
          "sector iii road",
          "fuel",
          "petrol",
          "diesel",
          "night"
        ],
        "notes": "Two attendants on duty after midnight, one always at the pump.",
        "source": "synthetic-fill",
        "verified": null,
        "id": "fu-069",
        "always": true,
        "nightGuaranteed": true
      }
    },
    {
      "type": "Feature",
      "geometry": {
        "type": "Point",
        "coordinates": [
          88.34127,
          22.58582
        ]
      },
      "properties": {
        "name": "Nayara Energy - Howrah Station",
        "category": "fuel",
        "locality": "Howrah Station",
        "address": "19/7, Station Road, Howrah Station",
        "always": true,
        "hours": "Open 24 hours",
        "tags": [
          "howrah station",
          "station road",
          "fuel",
          "petrol",
          "diesel",
          "night"
        ],
        "notes": "Sells sealed engine oil and coolant at night as well.",
        "source": "synthetic-fill",
        "verified": null,
        "id": "fu-070"
      }
    },
    {
      "type": "Feature",
      "geometry": {
        "type": "Point",
        "coordinates": [
          88.34292,
          22.58984
        ]
      },
      "properties": {
        "name": "Chanda Filling Station - Golabari",
        "category": "fuel",
        "locality": "Golabari",
        "address": "117, Salkia Road, Golabari",
        "always": true,
        "hours": "Open 24 hours",
        "tags": [
          "golabari",
          "grand trunk road",
          "fuel",
          "petrol",
          "diesel",
          "night"
        ],
        "notes": "Bright forecourt - the safest fill-up point on this stretch.",
        "source": "synthetic-fill",
        "verified": null,
        "id": "fu-071"
      }
    },
    {
      "type": "Feature",
      "geometry": {
        "type": "Point",
        "coordinates": [
          88.34292,
          22.6512
        ]
      },
      "properties": {
        "name": "Bharat Petroleum - Bally",
        "category": "fuel",
        "locality": "Bally",
        "address": "149A, Bally Station Road, Bally",
        "open": "06:00",
        "close": "23:30",
        "hours": "06:00 - 23:30 daily",
        "tags": [
          "bally",
          "grand trunk road",
          "fuel",
          "petrol",
          "diesel",
          "night"
        ],
        "notes": "Card and UPI work at the night counter.",
        "source": "synthetic-fill",
        "verified": null,
        "id": "fu-072"
      }
    },
    {
      "type": "Feature",
      "geometry": {
        "type": "Point",
        "coordinates": [
          88.30054,
          22.58644
        ]
      },
      "properties": {
        "name": "Santragachi Service Station",
        "category": "fuel",
        "locality": "Santragachi",
        "address": "91, Andul Road, Santragachi",
        "always": true,
        "hours": "Open 24 hours",
        "tags": [
          "santragachi",
          "santragachi station road",
          "fuel",
          "petrol",
          "diesel",
          "night"
        ],
        "notes": "Sells sealed engine oil and coolant at night as well.",
        "source": "synthetic-fill",
        "verified": null,
        "id": "fu-073"
      }
    },
    {
      "type": "Feature",
      "geometry": {
        "type": "Point",
        "coordinates": [
          88.26692,
          22.60955
        ]
      },
      "properties": {
        "name": "Bharat Petroleum - Dhulagarh",
        "category": "fuel",
        "locality": "Dhulagarh",
        "address": "62C, Kona Expressway, Dhulagarh",
        "always": true,
        "hours": "Open 24 hours",
        "tags": [
          "dhulagarh",
          "kona expressway",
          "fuel",
          "petrol",
          "diesel",
          "night"
        ],
        "notes": "Two attendants on duty after midnight, one always at the pump.",
        "source": "synthetic-fill",
        "verified": null,
        "id": "fu-074"
      }
    },
    {
      "type": "Feature",
      "geometry": {
        "type": "Point",
        "coordinates": [
          88.23955,
          22.62003
        ]
      },
      "properties": {
        "name": "Reliance Petrol Pump - Domjur",
        "category": "fuel",
        "locality": "Domjur",
        "address": "15A, N. H. 6, Domjur",
        "always": true,
        "hours": "Open 24 hours",
        "tags": [
          "domjur",
          "n. h. 6",
          "fuel",
          "petrol",
          "diesel",
          "night"
        ],
        "notes": "Tyre pressure gauge kept behind the counter - ask for it.",
        "source": "synthetic-fill",
        "verified": null,
        "id": "fu-075"
      }
    },
    {
      "type": "Feature",
      "geometry": {
        "type": "Point",
        "coordinates": [
          88.342,
          22.5835
        ]
      },
      "properties": {
        "id": "tr-001",
        "name": "Howrah Station - Prepaid Taxi Stand",
        "category": "transit",
        "address": "Howrah Station forecourt, outside the Old Complex",
        "always": true,
        "hours": "Open 24 hours",
        "safety": "Lit forecourt, prepaid counter and a police kiosk within 50 m. Prefer prepaid over flagged cabs at night.",
        "tags": [
          "taxi",
          "prepaid",
          "pickup",
          "howrah"
        ],
        "verified": null,
        "source": "curated-seed",
        "locality": "Howrah Station"
      }
    },
    {
      "type": "Feature",
      "geometry": {
        "type": "Point",
        "coordinates": [
          88.3715,
          22.5685
        ]
      },
      "properties": {
        "id": "tr-002",
        "name": "Sealdah - North Gate Auto Stand",
        "category": "transit",
        "address": "Sealdah Station North Gate",
        "always": true,
        "hours": "Open 24 hours",
        "safety": "Shared autos and metered taxis queue here all night; the gate has continuous CCTV.",
        "tags": [
          "auto",
          "taxi",
          "pickup",
          "sealdah"
        ],
        "verified": null,
        "source": "curated-seed",
        "locality": "Sealdah"
      }
    },
    {
      "type": "Feature",
      "geometry": {
        "type": "Point",
        "coordinates": [
          88.369,
          22.599
        ]
      },
      "properties": {
        "id": "tr-003",
        "name": "Shyambazar 5-Point Auto Stand",
        "category": "transit",
        "address": "Shyambazar 5-point crossing",
        "always": true,
        "hours": "Open 24 hours",
        "safety": "Street lamps on all five arms and a busy crossing even at 3 AM.",
        "tags": [
          "auto",
          "pickup",
          "shyambazar",
          "north"
        ],
        "verified": null,
        "source": "curated-seed",
        "locality": "Shyambazar"
      }
    },
    {
      "type": "Feature",
      "geometry": {
        "type": "Point",
        "coordinates": [
          88.447,
          22.654
        ]
      },
      "properties": {
        "id": "tr-004",
        "name": "Airport Gate 3 - App Cab Zone",
        "category": "transit",
        "address": "NSCBI Airport, Gate 3, VIP Road",
        "always": true,
        "hours": "Open 24 hours",
        "safety": "Designated app-cab bay with security staff; matches your booking PIN before boarding.",
        "tags": [
          "cab",
          "airport",
          "pickup",
          "gate 3"
        ],
        "verified": null,
        "source": "curated-seed",
        "locality": "Airport"
      }
    },
    {
      "type": "Feature",
      "geometry": {
        "type": "Point",
        "coordinates": [
          88.351,
          22.554
        ]
      },
      "properties": {
        "id": "tr-005",
        "name": "Park Street Metro - Exit 2 Cab Point",
        "category": "transit",
        "address": "Park Street Metro Exit 2, Chowringhee Road",
        "open": "05:30",
        "close": "23:45",
        "hours": "05:30 - 23:45 daily",
        "notes": "Metro shuts around 22:45; the cab point thins out well before midnight.",
        "safety": "On the main road with a lit footpath, but sparse after 1 AM.",
        "tags": [
          "cab",
          "metro",
          "pickup",
          "park street"
        ],
        "verified": null,
        "source": "curated-seed",
        "locality": "Park Street"
      }
    },
    {
      "type": "Feature",
      "geometry": {
        "type": "Point",
        "coordinates": [
          88.43,
          22.572
        ]
      },
      "properties": {
        "id": "tr-006",
        "name": "Sector V - Wipro Gate Cab Bay",
        "category": "transit",
        "address": "Sector V, outside Wipro Gate 2",
        "open": "20:00",
        "close": "08:00",
        "hours": "20:00 - 08:00 daily",
        "notes": "Shift-change cab bay. Cabs are usually waiting between 2 AM and 4 AM.",
        "safety": "Guard post at the gate, floodlights over the bay, and a shared log of cab numbers.",
        "tags": [
          "cab",
          "night shift",
          "pickup",
          "sector v"
        ],
        "verified": null,
        "source": "curated-seed",
        "locality": "Salt Lake Sector V"
      }
    },
    {
      "type": "Feature",
      "geometry": {
        "type": "Point",
        "coordinates": [
          88.348,
          22.499
        ]
      },
      "properties": {
        "id": "tr-007",
        "name": "Tollygunge Metro - Night Auto Stand",
        "category": "transit",
        "address": "Tollygunge Metro station road",
        "open": "05:00",
        "close": "23:00",
        "hours": "05:00 - 23:00 daily",
        "safety": "Stand is empty after 11 PM; use the tram depot side instead.",
        "tags": [
          "auto",
          "metro",
          "tollygunge",
          "pickup"
        ],
        "verified": null,
        "source": "curated-seed",
        "locality": "Tollygunge"
      }
    },
    {
      "type": "Feature",
      "geometry": {
        "type": "Point",
        "coordinates": [
          88.35,
          22.564
        ]
      },
      "properties": {
        "id": "tr-008",
        "name": "Esplanade - Police Kiosk Pickup Point",
        "category": "transit",
        "address": "Esplanade Bus Terminus, Curzon Park side",
        "always": true,
        "hours": "Open 24 hours",
        "safety": "Staffed police kiosk and an ambulance bay. Best anchor point in central Kolkata at night.",
        "tags": [
          "police",
          "kiosk",
          "pickup",
          "esplanade",
          "safe"
        ],
        "verified": null,
        "source": "curated-seed",
        "locality": "Esplanade"
      }
    },
    {
      "type": "Feature",
      "geometry": {
        "type": "Point",
        "coordinates": [
          88.418,
          22.586
        ]
      },
      "properties": {
        "id": "tr-009",
        "name": "Karunamoyee Bus Stand",
        "category": "transit",
        "address": "Karunamoyee, Salt Lake City",
        "always": true,
        "hours": "Open 24 hours",
        "safety": "Night buses and autos leave from the lit island platform; a police van is usually parked nearby.",
        "tags": [
          "bus",
          "auto",
          "salt lake",
          "pickup"
        ],
        "verified": null,
        "source": "curated-seed",
        "locality": "Karunamoyee"
      }
    },
    {
      "type": "Feature",
      "geometry": {
        "type": "Point",
        "coordinates": [
          88.35014,
          22.56279
        ]
      },
      "properties": {
        "name": "Esplanade Auto Stand",
        "category": "transit",
        "locality": "Esplanade",
        "address": "53, S. N. Banerjee Road, Esplanade",
        "always": true,
        "hours": "Open 24 hours",
        "tags": [
          "esplanade",
          "bentinck street",
          "transit",
          "pickup",
          "safe",
          "auto",
          "taxi",
          "night"
        ],
        "safety": "Street lamps on all arms of the crossing; still busy at 3 AM.",
        "source": "synthetic-fill",
        "verified": null,
        "id": "tr-010"
      }
    },
    {
      "type": "Feature",
      "geometry": {
        "type": "Point",
        "coordinates": [
          88.34687,
          22.57235
        ]
      },
      "properties": {
        "name": "Dalhousie Square Police Kiosk Pickup Point",
        "category": "transit",
        "locality": "Dalhousie Square",
        "address": "28, Fairlie Place, Dalhousie Square",
        "open": "05:30",
        "close": "22:45",
        "hours": "05:30 - 22:45 daily",
        "tags": [
          "dalhousie square",
          "fairlie place",
          "transit",
          "pickup",
          "safe",
          "auto",
          "taxi",
          "night"
        ],
        "notes": "Night buses leave from the lit island platform.",
        "safety": "Prepaid or app cab strongly preferred over a flagged cab at this hour.",
        "source": "synthetic-fill",
        "verified": null,
        "id": "tr-011"
      }
    },
    {
      "type": "Feature",
      "geometry": {
        "type": "Point",
        "coordinates": [
          88.35898,
          22.56461
        ]
      },
      "properties": {
        "name": "Chandni Chowk Taxi Stand",
        "category": "transit",
        "locality": "Chandni Chowk",
        "address": "18, Rabindra Sarani, Chandni Chowk",
        "open": "20:00",
        "close": "06:00",
        "hours": "20:00 - 06:00 daily",
        "tags": [
          "chandni chowk",
          "bepin behari ganguly street",
          "transit",
          "pickup",
          "safe",
          "auto",
          "taxi",
          "night"
        ],
        "notes": "Metro shuts around 22:45; the roadside cab point thins out well before midnight.",
        "safety": "Staffed police kiosk and an ambulance bay on the same stretch.",
        "source": "synthetic-fill",
        "verified": null,
        "id": "tr-012"
      }
    },
    {
      "type": "Feature",
      "geometry": {
        "type": "Point",
        "coordinates": [
          88.37855,
          22.56653
        ]
      },
      "properties": {
        "name": "Entally Police Kiosk Pickup Point",
        "category": "transit",
        "locality": "Entally",
        "address": "47B, Acharya Prafulla Chandra Road, Entally",
        "always": true,
        "hours": "Open 24 hours",
        "tags": [
          "entally",
          "acharya prafulla chandra road",
          "transit",
          "pickup",
          "safe",
          "auto",
          "taxi",
          "night"
        ],
        "notes": "Night buses leave from the lit island platform.",
        "safety": "Main-road frontage with a 24h tea stall alongside, so you are not alone.",
        "source": "synthetic-fill",
        "verified": null,
        "id": "tr-013"
      }
    },
    {
      "type": "Feature",
      "geometry": {
        "type": "Point",
        "coordinates": [
          88.35457,
          22.55098
        ]
      },
      "properties": {
        "name": "Park Street Metro Station - Exit 2",
        "category": "transit",
        "locality": "Park Street",
        "address": "110, Park Street, Park Street",
        "open": "05:30",
        "close": "22:45",
        "hours": "05:30 - 22:45 daily",
        "tags": [
          "park street",
          "middleton street",
          "transit",
          "pickup",
          "safe",
          "auto",
          "taxi",
          "night"
        ],
        "notes": "Night buses leave from the lit island platform.",
        "safety": "Auto drivers wait along the kerb - agree the fare before getting in.",
        "source": "synthetic-fill",
        "verified": null,
        "id": "tr-014"
      }
    },
    {
      "type": "Feature",
      "geometry": {
        "type": "Point",
        "coordinates": [
          88.34998,
          22.55847
        ]
      },
      "properties": {
        "name": "New Market Night Bus Bay",
        "category": "transit",
        "locality": "New Market",
        "address": "19/6, Hogg Street, New Market",
        "always": true,
        "hours": "Open 24 hours",
        "tags": [
          "new market",
          "bertram street",
          "transit",
          "pickup",
          "safe",
          "auto",
          "taxi",
          "night"
        ],
        "safety": "Guarded gate with floodlights; the security desk keeps a cab log.",
        "source": "synthetic-fill",
        "verified": null,
        "id": "tr-015"
      }
    },
    {
      "type": "Feature",
      "geometry": {
        "type": "Point",
        "coordinates": [
          88.36832,
          22.5396
        ]
      },
      "properties": {
        "name": "Park Circus Minibus Stand",
        "category": "transit",
        "locality": "Park Circus",
        "address": "73, Syed Amir Ali Avenue, Park Circus",
        "open": "20:00",
        "close": "06:00",
        "hours": "20:00 - 06:00 daily",
        "tags": [
          "park circus",
          "a. j. c. bose road",
          "transit",
          "pickup",
          "safe",
          "auto",
          "taxi",
          "night"
        ],
        "safety": "Auto drivers wait along the kerb - agree the fare before getting in.",
        "source": "synthetic-fill",
        "verified": null,
        "id": "tr-016"
      }
    },
    {
      "type": "Feature",
      "geometry": {
        "type": "Point",
        "coordinates": [
          88.34539,
          22.53575
        ]
      },
      "properties": {
        "name": "Bhowanipore Police Kiosk Pickup Point",
        "category": "transit",
        "locality": "Bhowanipore",
        "address": "1/5, Sarat Bose Road, Bhowanipore",
        "hours": "Open 24 hours",
        "tags": [
          "bhowanipore",
          "hazra road",
          "transit",
          "pickup",
          "safe",
          "auto",
          "taxi",
          "night"
        ],
        "notes": "Ask at the kiosk if you feel unsure about a cab - they will note the number.",
        "safety": "Lit forecourt, CCTV on the gate and a police kiosk within 50 m.",
        "source": "synthetic-fill",
        "verified": null,
        "id": "tr-017",
        "always": true,
        "nightGuaranteed": true
      }
    },
    {
      "type": "Feature",
      "geometry": {
        "type": "Point",
        "coordinates": [
          88.3342,
          22.5312
        ]
      },
      "properties": {
        "name": "Alipore Police Kiosk Pickup Point",
        "category": "transit",
        "locality": "Alipore",
        "address": "12, Belvedere Road, Alipore",
        "always": true,
        "hours": "Open 24 hours",
        "tags": [
          "alipore",
          "judge's court road",
          "transit",
          "pickup",
          "safe",
          "auto",
          "taxi",
          "night"
        ],
        "notes": "Night buses leave from the lit island platform.",
        "safety": "Main-road frontage with a 24h tea stall alongside, so you are not alone.",
        "source": "synthetic-fill",
        "verified": null,
        "id": "tr-018"
      }
    },
    {
      "type": "Feature",
      "geometry": {
        "type": "Point",
        "coordinates": [
          88.36823,
          22.51711
        ]
      },
      "properties": {
        "name": "Gariahat Bus Terminus",
        "category": "transit",
        "locality": "Gariahat",
        "address": "31A, Gariahat Road, Gariahat",
        "open": "20:00",
        "close": "06:00",
        "hours": "20:00 - 06:00 daily",
        "tags": [
          "gariahat",
          "rashbehari avenue",
          "transit",
          "pickup",
          "safe",
          "auto",
          "taxi",
          "night"
        ],
        "safety": "Guarded gate with floodlights; the security desk keeps a cab log.",
        "source": "synthetic-fill",
        "verified": null,
        "id": "tr-019"
      }
    },
    {
      "type": "Feature",
      "geometry": {
        "type": "Point",
        "coordinates": [
          88.36818,
          22.51796
        ]
      },
      "properties": {
        "name": "Gariahat Crossing Night Auto Stand",
        "category": "transit",
        "locality": "Gariahat",
        "address": "86, Gariahat Road, Gariahat",
        "open": "20:00",
        "close": "06:00",
        "hours": "20:00 - 06:00 daily",
        "tags": [
          "gariahat",
          "gariahat road",
          "transit",
          "pickup",
          "safe",
          "auto",
          "taxi",
          "night"
        ],
        "notes": "Ask at the kiosk if you feel unsure about a cab - they will note the number.",
        "safety": "Street lamps on all arms of the crossing; still busy at 3 AM.",
        "source": "synthetic-fill",
        "verified": null,
        "id": "tr-020"
      }
    },
    {
      "type": "Feature",
      "geometry": {
        "type": "Point",
        "coordinates": [
          88.36521,
          22.50657
        ]
      },
      "properties": {
        "name": "Jodhpur Park Tram Depot Pickup",
        "category": "transit",
        "locality": "Jodhpur Park",
        "address": "128, Prince Anwar Shah Road, Jodhpur Park",
        "open": "20:00",
        "close": "06:00",
        "hours": "20:00 - 06:00 daily",
        "tags": [
          "jodhpur park",
          "lake view road",
          "transit",
          "pickup",
          "safe",
          "auto",
          "taxi",
          "night"
        ],
        "safety": "Lit forecourt, CCTV on the gate and a police kiosk within 50 m.",
        "source": "synthetic-fill",
        "verified": null,
        "id": "tr-021"
      }
    },
    {
      "type": "Feature",
      "geometry": {
        "type": "Point",
        "coordinates": [
          88.32448,
          22.53901
        ]
      },
      "properties": {
        "name": "Kidderpore Bus Terminus",
        "category": "transit",
        "locality": "Kidderpore",
        "address": "173, K. B. Sarani, Kidderpore",
        "hours": "Open 24 hours",
        "tags": [
          "kidderpore",
          "k. b. sarani",
          "transit",
          "pickup",
          "safe",
          "auto",
          "taxi",
          "night"
        ],
        "notes": "Ask at the kiosk if you feel unsure about a cab - they will note the number.",
        "safety": "Lit forecourt, CCTV on the gate and a police kiosk within 50 m.",
        "source": "synthetic-fill",
        "verified": null,
        "id": "tr-022",
        "always": true,
        "nightGuaranteed": true
      }
    },
    {
      "type": "Feature",
      "geometry": {
        "type": "Point",
        "coordinates": [
          88.3256,
          22.54397
        ]
      },
      "properties": {
        "name": "Watgunge Bus Terminus",
        "category": "transit",
        "locality": "Watgunge",
        "address": "9/5, Garden Reach Road, Watgunge",
        "always": true,
        "hours": "Open 24 hours",
        "tags": [
          "watgunge",
          "k. b. sarani",
          "transit",
          "pickup",
          "safe",
          "auto",
          "taxi",
          "night"
        ],
        "notes": "Metro shuts around 22:45; the roadside cab point thins out well before midnight.",
        "safety": "Street lamps on all arms of the crossing; still busy at 3 AM.",
        "source": "synthetic-fill",
        "verified": null,
        "id": "tr-023"
      }
    },
    {
      "type": "Feature",
      "geometry": {
        "type": "Point",
        "coordinates": [
          88.33277,
          22.55073
        ]
      },
      "properties": {
        "name": "Hastings Minibus Stand",
        "category": "transit",
        "locality": "Hastings",
        "address": "6, K. B. Sarani, Hastings",
        "hours": "Open 24 hours",
        "tags": [
          "hastings",
          "mayo road",
          "transit",
          "pickup",
          "safe",
          "auto",
          "taxi",
          "night"
        ],
        "safety": "Prepaid or app cab strongly preferred over a flagged cab at this hour.",
        "source": "synthetic-fill",
        "verified": null,
        "id": "tr-024",
        "always": true,
        "nightGuaranteed": true
      }
    },
    {
      "type": "Feature",
      "geometry": {
        "type": "Point",
        "coordinates": [
          88.28702,
          22.5187
        ]
      },
      "properties": {
        "name": "Metiabruz Night Bus Bay",
        "category": "transit",
        "locality": "Metiabruz",
        "address": "51, Metiabruz Road, Metiabruz",
        "open": "20:00",
        "close": "06:00",
        "hours": "20:00 - 06:00 daily",
        "tags": [
          "metiabruz",
          "metiabruz road",
          "transit",
          "pickup",
          "safe",
          "auto",
          "taxi",
          "night"
        ],
        "notes": "Ask at the kiosk if you feel unsure about a cab - they will note the number.",
        "safety": "Share the vehicle number with someone before you get in.",
        "source": "synthetic-fill",
        "verified": null,
        "id": "tr-025"
      }
    },
    {
      "type": "Feature",
      "geometry": {
        "type": "Point",
        "coordinates": [
          88.30483,
          22.54259
        ]
      },
      "properties": {
        "name": "Garden Reach Taxi Stand",
        "category": "transit",
        "locality": "Garden Reach",
        "address": "141, Paharpur Road, Garden Reach",
        "open": "20:00",
        "close": "06:00",
        "hours": "20:00 - 06:00 daily",
        "tags": [
          "garden reach",
          "paharpur road",
          "transit",
          "pickup",
          "safe",
          "auto",
          "taxi",
          "night"
        ],
        "notes": "Cabs are easiest to find between 2 AM and 4 AM, when the shifts change.",
        "safety": "Main-road frontage with a 24h tea stall alongside, so you are not alone.",
        "source": "synthetic-fill",
        "verified": null,
        "id": "tr-026"
      }
    },
    {
      "type": "Feature",
      "geometry": {
        "type": "Point",
        "coordinates": [
          88.31778,
          22.50059
        ]
      },
      "properties": {
        "name": "Behala Chowrasta Police Kiosk Pickup Point",
        "category": "transit",
        "locality": "Behala Chowrasta",
        "address": "177A, Diamond Harbour Road, Behala Chowrasta",
        "always": true,
        "hours": "Open 24 hours",
        "tags": [
          "behala chowrasta",
          "james long sarani",
          "transit",
          "pickup",
          "safe",
          "auto",
          "taxi",
          "night"
        ],
        "safety": "Auto drivers wait along the kerb - agree the fare before getting in.",
        "source": "synthetic-fill",
        "verified": null,
        "id": "tr-027"
      }
    },
    {
      "type": "Feature",
      "geometry": {
        "type": "Point",
        "coordinates": [
          88.30239,
          22.49613
        ]
      },
      "properties": {
        "name": "Sakherbazar Police Kiosk Pickup Point",
        "category": "transit",
        "locality": "Sakherbazar",
        "address": "172, Sakherbazar Road, Sakherbazar",
        "always": true,
        "hours": "Open 24 hours",
        "tags": [
          "sakherbazar",
          "james long sarani",
          "transit",
          "pickup",
          "safe",
          "auto",
          "taxi",
          "night"
        ],
        "safety": "Staffed police kiosk and an ambulance bay on the same stretch.",
        "source": "synthetic-fill",
        "verified": null,
        "id": "tr-028"
      }
    },
    {
      "type": "Feature",
      "geometry": {
        "type": "Point",
        "coordinates": [
          88.299,
          22.48345
        ]
      },
      "properties": {
        "name": "Thakurpukur Minibus Stand",
        "category": "transit",
        "locality": "Thakurpukur",
        "address": "26/1, Diamond Harbour Road, Thakurpukur",
        "always": true,
        "hours": "Open 24 hours",
        "tags": [
          "thakurpukur",
          "diamond harbour road",
          "transit",
          "pickup",
          "safe",
          "auto",
          "taxi",
          "night"
        ],
        "safety": "Prepaid or app cab strongly preferred over a flagged cab at this hour.",
        "source": "synthetic-fill",
        "verified": null,
        "id": "tr-029"
      }
    },
    {
      "type": "Feature",
      "geometry": {
        "type": "Point",
        "coordinates": [
          88.30254,
          22.50741
        ]
      },
      "properties": {
        "name": "Parnasree App Cab Pickup Bay",
        "category": "transit",
        "locality": "Parnasree",
        "address": "5, Behala Station Road, Parnasree",
        "always": true,
        "hours": "Open 24 hours",
        "tags": [
          "parnasree",
          "behala station road",
          "transit",
          "pickup",
          "safe",
          "auto",
          "taxi",
          "night"
        ],
        "notes": "Metro shuts around 22:45; the roadside cab point thins out well before midnight.",
        "safety": "Prepaid or app cab strongly preferred over a flagged cab at this hour.",
        "source": "synthetic-fill",
        "verified": null,
        "id": "tr-030"
      }
    },
    {
      "type": "Feature",
      "geometry": {
        "type": "Point",
        "coordinates": [
          88.29247,
          22.49047
        ]
      },
      "properties": {
        "name": "Sarsuna Bus Terminus",
        "category": "transit",
        "locality": "Sarsuna",
        "address": "60C, Diamond Harbour Road, Sarsuna",
        "open": "05:00",
        "close": "23:30",
        "hours": "05:00 - 23:30 daily",
        "tags": [
          "sarsuna",
          "ho chi minh sarani",
          "transit",
          "pickup",
          "safe",
          "auto",
          "taxi",
          "night"
        ],
        "safety": "Prepaid or app cab strongly preferred over a flagged cab at this hour.",
        "source": "synthetic-fill",
        "verified": null,
        "id": "tr-031"
      }
    },
    {
      "type": "Feature",
      "geometry": {
        "type": "Point",
        "coordinates": [
          88.3338,
          22.49285
        ]
      },
      "properties": {
        "name": "Haridevpur Taxi Stand",
        "category": "transit",
        "locality": "Haridevpur",
        "address": "108, Tollygunge Circular Road, Haridevpur",
        "always": true,
        "hours": "Open 24 hours",
        "tags": [
          "haridevpur",
          "tollygunge circular road",
          "transit",
          "pickup",
          "safe",
          "auto",
          "taxi",
          "night"
        ],
        "safety": "Share the vehicle number with someone before you get in.",
        "source": "synthetic-fill",
        "verified": null,
        "id": "tr-032"
      }
    },
    {
      "type": "Feature",
      "geometry": {
        "type": "Point",
        "coordinates": [
          88.35804,
          22.49077
        ]
      },
      "properties": {
        "name": "Naktala Night Bus Bay",
        "category": "transit",
        "locality": "Naktala",
        "address": "21/5, Bansdroni Road, Naktala",
        "always": true,
        "hours": "Open 24 hours",
        "tags": [
          "naktala",
          "bansdroni road",
          "transit",
          "pickup",
          "safe",
          "auto",
          "taxi",
          "night"
        ],
        "notes": "Night buses leave from the lit island platform.",
        "safety": "Auto drivers wait along the kerb - agree the fare before getting in.",
        "source": "synthetic-fill",
        "verified": null,
        "id": "tr-033"
      }
    },
    {
      "type": "Feature",
      "geometry": {
        "type": "Point",
        "coordinates": [
          88.36167,
          22.4892
        ]
      },
      "properties": {
        "name": "Bansdroni App Cab Pickup Bay",
        "category": "transit",
        "locality": "Bansdroni",
        "address": "1/3, N. S. C. Bose Road, Bansdroni",
        "hours": "Open 24 hours",
        "tags": [
          "bansdroni",
          "netaji nagar road",
          "transit",
          "pickup",
          "safe",
          "auto",
          "taxi",
          "night"
        ],
        "notes": "Ask at the kiosk if you feel unsure about a cab - they will note the number.",
        "safety": "Auto drivers wait along the kerb - agree the fare before getting in.",
        "source": "synthetic-fill",
        "verified": null,
        "id": "tr-034",
        "always": true,
        "nightGuaranteed": true
      }
    },
    {
      "type": "Feature",
      "geometry": {
        "type": "Point",
        "coordinates": [
          88.38529,
          22.47222
        ]
      },
      "properties": {
        "name": "Patuli Crossing Night Auto Stand",
        "category": "transit",
        "locality": "Patuli",
        "address": "20/1, Baishnabghata Road, Patuli",
        "open": "04:30",
        "close": "23:00",
        "hours": "04:30 - 23:00 daily",
        "tags": [
          "patuli",
          "patuli main road",
          "transit",
          "pickup",
          "safe",
          "auto",
          "taxi",
          "night"
        ],
        "safety": "Staffed police kiosk and an ambulance bay on the same stretch.",
        "source": "synthetic-fill",
        "verified": null,
        "id": "tr-035"
      }
    },
    {
      "type": "Feature",
      "geometry": {
        "type": "Point",
        "coordinates": [
          88.37645,
          22.48241
        ]
      },
      "properties": {
        "name": "Baghajatin App Cab Pickup Bay",
        "category": "transit",
        "locality": "Baghajatin",
        "address": "16/6, Briji Road, Baghajatin",
        "always": true,
        "hours": "Open 24 hours",
        "tags": [
          "baghajatin",
          "baghajatin road",
          "transit",
          "pickup",
          "safe",
          "auto",
          "taxi",
          "night"
        ],
        "safety": "Auto drivers wait along the kerb - agree the fare before getting in.",
        "source": "synthetic-fill",
        "verified": null,
        "id": "tr-036"
      }
    },
    {
      "type": "Feature",
      "geometry": {
        "type": "Point",
        "coordinates": [
          88.38875,
          22.48436
        ]
      },
      "properties": {
        "name": "Bikramgarh Crossing Night Auto Stand",
        "category": "transit",
        "locality": "Bikramgarh",
        "address": "3/5, Baghajatin Road, Bikramgarh",
        "open": "04:30",
        "close": "23:00",
        "hours": "04:30 - 23:00 daily",
        "tags": [
          "bikramgarh",
          "sarat park road",
          "transit",
          "pickup",
          "safe",
          "auto",
          "taxi",
          "night"
        ],
        "safety": "Share the vehicle number with someone before you get in.",
        "source": "synthetic-fill",
        "verified": null,
        "id": "tr-037"
      }
    },
    {
      "type": "Feature",
      "geometry": {
        "type": "Point",
        "coordinates": [
          88.38811,
          22.48801
        ]
      },
      "properties": {
        "name": "Santoshpur Taxi Stand",
        "category": "transit",
        "locality": "Santoshpur",
        "address": "99, Ajoy Nagar Road, Santoshpur",
        "open": "20:00",
        "close": "06:00",
        "hours": "20:00 - 06:00 daily",
        "tags": [
          "santoshpur",
          "ajoy nagar road",
          "transit",
          "pickup",
          "safe",
          "auto",
          "taxi",
          "night"
        ],
        "safety": "Main-road frontage with a 24h tea stall alongside, so you are not alone.",
        "source": "synthetic-fill",
        "verified": null,
        "id": "tr-038"
      }
    },
    {
      "type": "Feature",
      "geometry": {
        "type": "Point",
        "coordinates": [
          88.39692,
          22.49237
        ]
      },
      "properties": {
        "name": "Barakhola Taxi Stand",
        "category": "transit",
        "locality": "Barakhola",
        "address": "35/2, Barakhola Road, Barakhola",
        "open": "20:00",
        "close": "06:00",
        "hours": "20:00 - 06:00 daily",
        "tags": [
          "barakhola",
          "e. m. bypass",
          "transit",
          "pickup",
          "safe",
          "auto",
          "taxi",
          "night"
        ],
        "notes": "Cabs are easiest to find between 2 AM and 4 AM, when the shifts change.",
        "safety": "Street lamps on all arms of the crossing; still busy at 3 AM.",
        "source": "synthetic-fill",
        "verified": null,
        "id": "tr-039"
      }
    },
    {
      "type": "Feature",
      "geometry": {
        "type": "Point",
        "coordinates": [
          88.40909,
          22.49847
        ]
      },
      "properties": {
        "name": "Kalikapur Crossing Night Auto Stand",
        "category": "transit",
        "locality": "Kalikapur",
        "address": "13/1, Kalikapur Road, Kalikapur",
        "always": true,
        "hours": "Open 24 hours",
        "tags": [
          "kalikapur",
          "e. m. bypass",
          "transit",
          "pickup",
          "safe",
          "auto",
          "taxi",
          "night"
        ],
        "notes": "Metro shuts around 22:45; the roadside cab point thins out well before midnight.",
        "safety": "Main-road frontage with a 24h tea stall alongside, so you are not alone.",
        "source": "synthetic-fill",
        "verified": null,
        "id": "tr-040"
      }
    },
    {
      "type": "Feature",
      "geometry": {
        "type": "Point",
        "coordinates": [
          88.4174,
          22.48448
        ]
      },
      "properties": {
        "name": "Panchasayar Taxi Stand",
        "category": "transit",
        "locality": "Panchasayar",
        "address": "98, Sector B Road, Panchasayar",
        "always": true,
        "hours": "Open 24 hours",
        "tags": [
          "panchasayar",
          "sector b road",
          "transit",
          "pickup",
          "safe",
          "auto",
          "taxi",
          "night"
        ],
        "notes": "Cabs are easiest to find between 2 AM and 4 AM, when the shifts change.",
        "safety": "Main-road frontage with a 24h tea stall alongside, so you are not alone.",
        "source": "synthetic-fill",
        "verified": null,
        "id": "tr-041"
      }
    },
    {
      "type": "Feature",
      "geometry": {
        "type": "Point",
        "coordinates": [
          88.42214,
          22.48711
        ]
      },
      "properties": {
        "name": "Nayabad Police Kiosk Pickup Point",
        "category": "transit",
        "locality": "Nayabad",
        "address": "97C, Nayabad Main Road, Nayabad",
        "always": true,
        "hours": "Open 24 hours",
        "tags": [
          "nayabad",
          "nayabad main road",
          "transit",
          "pickup",
          "safe",
          "auto",
          "taxi",
          "night"
        ],
        "safety": "Prepaid or app cab strongly preferred over a flagged cab at this hour.",
        "source": "synthetic-fill",
        "verified": null,
        "id": "tr-042"
      }
    },
    {
      "type": "Feature",
      "geometry": {
        "type": "Point",
        "coordinates": [
          88.40311,
          22.56754
        ]
      },
      "properties": {
        "name": "Beliaghata Minibus Stand",
        "category": "transit",
        "locality": "Beliaghata",
        "address": "92, Beliaghata Main Road, Beliaghata",
        "always": true,
        "hours": "Open 24 hours",
        "tags": [
          "beliaghata",
          "beliaghata main road",
          "transit",
          "pickup",
          "safe",
          "auto",
          "taxi",
          "night"
        ],
        "safety": "Auto drivers wait along the kerb - agree the fare before getting in.",
        "source": "synthetic-fill",
        "verified": null,
        "id": "tr-043"
      }
    },
    {
      "type": "Feature",
      "geometry": {
        "type": "Point",
        "coordinates": [
          88.37216,
          22.59973
        ]
      },
      "properties": {
        "name": "Shyambazar Tram Depot Pickup",
        "category": "transit",
        "locality": "Shyambazar",
        "address": "72, Bidhan Sarani, Shyambazar",
        "open": "05:30",
        "close": "22:45",
        "hours": "05:30 - 22:45 daily",
        "tags": [
          "shyambazar",
          "bidhan sarani",
          "transit",
          "pickup",
          "safe",
          "auto",
          "taxi",
          "night"
        ],
        "safety": "Guarded gate with floodlights; the security desk keeps a cab log.",
        "source": "synthetic-fill",
        "verified": null,
        "id": "tr-044"
      }
    },
    {
      "type": "Feature",
      "geometry": {
        "type": "Point",
        "coordinates": [
          88.36085,
          22.59265
        ]
      },
      "properties": {
        "name": "Shobhabazar Night Bus Bay",
        "category": "transit",
        "locality": "Shobhabazar",
        "address": "34/9, Rabindra Sarani, Shobhabazar",
        "open": "20:00",
        "close": "06:00",
        "hours": "20:00 - 06:00 daily",
        "tags": [
          "shobhabazar",
          "bidhan sarani",
          "transit",
          "pickup",
          "safe",
          "auto",
          "taxi",
          "night"
        ],
        "safety": "Street lamps on all arms of the crossing; still busy at 3 AM.",
        "source": "synthetic-fill",
        "verified": null,
        "id": "tr-045"
      }
    },
    {
      "type": "Feature",
      "geometry": {
        "type": "Point",
        "coordinates": [
          88.36125,
          22.59828
        ]
      },
      "properties": {
        "name": "Bagbazar Auto Stand",
        "category": "transit",
        "locality": "Bagbazar",
        "address": "78, Bagbazar Street, Bagbazar",
        "open": "20:00",
        "close": "06:00",
        "hours": "20:00 - 06:00 daily",
        "tags": [
          "bagbazar",
          "rabindra sarani",
          "transit",
          "pickup",
          "safe",
          "auto",
          "taxi",
          "night"
        ],
        "notes": "Metro shuts around 22:45; the roadside cab point thins out well before midnight.",
        "safety": "Staffed police kiosk and an ambulance bay on the same stretch.",
        "source": "synthetic-fill",
        "verified": null,
        "id": "tr-046"
      }
    },
    {
      "type": "Feature",
      "geometry": {
        "type": "Point",
        "coordinates": [
          88.362,
          22.60966
        ]
      },
      "properties": {
        "name": "Cossipore Auto Stand",
        "category": "transit",
        "locality": "Cossipore",
        "address": "127, Cossipore Road, Cossipore",
        "always": true,
        "hours": "Open 24 hours",
        "tags": [
          "cossipore",
          "b. t. road",
          "transit",
          "pickup",
          "safe",
          "auto",
          "taxi",
          "night"
        ],
        "notes": "Cabs are easiest to find between 2 AM and 4 AM, when the shifts change.",
        "safety": "Auto drivers wait along the kerb - agree the fare before getting in.",
        "source": "synthetic-fill",
        "verified": null,
        "id": "tr-047"
      }
    },
    {
      "type": "Feature",
      "geometry": {
        "type": "Point",
        "coordinates": [
          88.37076,
          22.61061
        ]
      },
      "properties": {
        "name": "Sinthee Crossing Night Auto Stand",
        "category": "transit",
        "locality": "Sinthee",
        "address": "178A, Sinthee More, Sinthee",
        "open": "20:00",
        "close": "06:00",
        "hours": "20:00 - 06:00 daily",
        "tags": [
          "sinthee",
          "dumdum road",
          "transit",
          "pickup",
          "safe",
          "auto",
          "taxi",
          "night"
        ],
        "notes": "Ask at the kiosk if you feel unsure about a cab - they will note the number.",
        "safety": "Share the vehicle number with someone before you get in.",
        "source": "synthetic-fill",
        "verified": null,
        "id": "tr-048"
      }
    },
    {
      "type": "Feature",
      "geometry": {
        "type": "Point",
        "coordinates": [
          88.37842,
          22.60869
        ]
      },
      "properties": {
        "name": "Tala Bus Terminus",
        "category": "transit",
        "locality": "Tala",
        "address": "176, B. T. Road, Tala",
        "open": "05:30",
        "close": "22:45",
        "hours": "05:30 - 22:45 daily",
        "tags": [
          "tala",
          "b. t. road",
          "transit",
          "pickup",
          "safe",
          "auto",
          "taxi",
          "night"
        ],
        "safety": "Main-road frontage with a 24h tea stall alongside, so you are not alone.",
        "source": "synthetic-fill",
        "verified": null,
        "id": "tr-049"
      }
    },
    {
      "type": "Feature",
      "geometry": {
        "type": "Point",
        "coordinates": [
          88.3854,
          22.57873
        ]
      },
      "properties": {
        "name": "Phoolbagan Tram Depot Pickup",
        "category": "transit",
        "locality": "Phoolbagan",
        "address": "38/3, Phoolbagan Road, Phoolbagan",
        "always": true,
        "hours": "Open 24 hours",
        "tags": [
          "phoolbagan",
          "c. i. t. road",
          "transit",
          "pickup",
          "safe",
          "auto",
          "taxi",
          "night"
        ],
        "notes": "Night buses leave from the lit island platform.",
        "safety": "Lit forecourt, CCTV on the gate and a police kiosk within 50 m.",
        "source": "synthetic-fill",
        "verified": null,
        "id": "tr-050"
      }
    },
    {
      "type": "Feature",
      "geometry": {
        "type": "Point",
        "coordinates": [
          88.41031,
          22.60226
        ]
      },
      "properties": {
        "name": "Kestopur Minibus Stand",
        "category": "transit",
        "locality": "Kestopur",
        "address": "169, VIP Road, Kestopur",
        "hours": "Open 24 hours",
        "tags": [
          "kestopur",
          "baguiati road",
          "transit",
          "pickup",
          "safe",
          "auto",
          "taxi",
          "night"
        ],
        "safety": "Auto drivers wait along the kerb - agree the fare before getting in.",
        "source": "synthetic-fill",
        "verified": null,
        "id": "tr-051",
        "always": true,
        "nightGuaranteed": true
      }
    },
    {
      "type": "Feature",
      "geometry": {
        "type": "Point",
        "coordinates": [
          88.407,
          22.60648
        ]
      },
      "properties": {
        "name": "Bangur Avenue Police Kiosk Pickup Point",
        "category": "transit",
        "locality": "Bangur Avenue",
        "address": "30/1, Bangur Avenue, Bangur Avenue",
        "open": "05:00",
        "close": "23:30",
        "hours": "05:00 - 23:30 daily",
        "tags": [
          "bangur avenue",
          "lake town road",
          "transit",
          "pickup",
          "safe",
          "auto",
          "taxi",
          "night"
        ],
        "safety": "Lit forecourt, CCTV on the gate and a police kiosk within 50 m.",
        "source": "synthetic-fill",
        "verified": null,
        "id": "tr-052"
      }
    },
    {
      "type": "Feature",
      "geometry": {
        "type": "Point",
        "coordinates": [
          88.40455,
          22.61992
        ]
      },
      "properties": {
        "name": "Dum Dum Road Police Kiosk Pickup Point",
        "category": "transit",
        "locality": "Dum Dum Road",
        "address": "6/8, Jessore Road, Dum Dum Road",
        "open": "20:00",
        "close": "06:00",
        "hours": "20:00 - 06:00 daily",
        "tags": [
          "dum dum road",
          "dumdum road",
          "transit",
          "pickup",
          "safe",
          "auto",
          "taxi",
          "night"
        ],
        "notes": "Night buses leave from the lit island platform.",
        "safety": "Lit forecourt, CCTV on the gate and a police kiosk within 50 m.",
        "source": "synthetic-fill",
        "verified": null,
        "id": "tr-053"
      }
    },
    {
      "type": "Feature",
      "geometry": {
        "type": "Point",
        "coordinates": [
          88.4184,
          22.66336
        ]
      },
      "properties": {
        "name": "Birati Auto Stand",
        "category": "transit",
        "locality": "Birati",
        "address": "2, Jessore Road, Birati",
        "open": "05:30",
        "close": "22:45",
        "hours": "05:30 - 22:45 daily",
        "tags": [
          "birati",
          "jessore road",
          "transit",
          "pickup",
          "safe",
          "auto",
          "taxi",
          "night"
        ],
        "notes": "Night buses leave from the lit island platform.",
        "safety": "Share the vehicle number with someone before you get in.",
        "source": "synthetic-fill",
        "verified": null,
        "id": "tr-054"
      }
    },
    {
      "type": "Feature",
      "geometry": {
        "type": "Point",
        "coordinates": [
          88.41258,
          22.66639
        ]
      },
      "properties": {
        "name": "Michael Nagar Tram Depot Pickup",
        "category": "transit",
        "locality": "Michael Nagar",
        "address": "49B, Dumdum Road, Michael Nagar",
        "open": "05:00",
        "close": "23:30",
        "hours": "05:00 - 23:30 daily",
        "tags": [
          "michael nagar",
          "dumdum road",
          "transit",
          "pickup",
          "safe",
          "auto",
          "taxi",
          "night"
        ],
        "safety": "Staffed police kiosk and an ambulance bay on the same stretch.",
        "source": "synthetic-fill",
        "verified": null,
        "id": "tr-055"
      }
    },
    {
      "type": "Feature",
      "geometry": {
        "type": "Point",
        "coordinates": [
          88.4297,
          22.61746
        ]
      },
      "properties": {
        "name": "Teghoria App Cab Pickup Bay",
        "category": "transit",
        "locality": "Teghoria",
        "address": "164, Teghoria Main Road, Teghoria",
        "always": true,
        "hours": "Open 24 hours",
        "tags": [
          "teghoria",
          "baguiati road",
          "transit",
          "pickup",
          "safe",
          "auto",
          "taxi",
          "night"
        ],
        "safety": "Guarded gate with floodlights; the security desk keeps a cab log.",
        "source": "synthetic-fill",
        "verified": null,
        "id": "tr-056"
      }
    },
    {
      "type": "Feature",
      "geometry": {
        "type": "Point",
        "coordinates": [
          88.44617,
          22.62064
        ]
      },
      "properties": {
        "name": "Hatiara Crossing Night Auto Stand",
        "category": "transit",
        "locality": "Hatiara",
        "address": "146C, Hatiara Road, Hatiara",
        "always": true,
        "hours": "Open 24 hours",
        "tags": [
          "hatiara",
          "rajarhat road",
          "transit",
          "pickup",
          "safe",
          "auto",
          "taxi",
          "night"
        ],
        "safety": "Staffed police kiosk and an ambulance bay on the same stretch.",
        "source": "synthetic-fill",
        "verified": null,
        "id": "tr-057"
      }
    },
    {
      "type": "Feature",
      "geometry": {
        "type": "Point",
        "coordinates": [
          88.4418,
          22.69842
        ]
      },
      "properties": {
        "name": "Madhyamgram Night Bus Bay",
        "category": "transit",
        "locality": "Madhyamgram",
        "address": "51, Madhyamgram Station Road, Madhyamgram",
        "always": true,
        "hours": "Open 24 hours",
        "tags": [
          "madhyamgram",
          "madhyamgram station road",
          "transit",
          "pickup",
          "safe",
          "auto",
          "taxi",
          "night"
        ],
        "safety": "Auto drivers wait along the kerb - agree the fare before getting in.",
        "source": "synthetic-fill",
        "verified": null,
        "id": "tr-058"
      }
    },
    {
      "type": "Feature",
      "geometry": {
        "type": "Point",
        "coordinates": [
          88.37198,
          22.63824
        ]
      },
      "properties": {
        "name": "Baranagar App Cab Pickup Bay",
        "category": "transit",
        "locality": "Baranagar",
        "address": "38/1, Baranagar Road, Baranagar",
        "always": true,
        "hours": "Open 24 hours",
        "tags": [
          "baranagar",
          "gopal lal thakur road",
          "transit",
          "pickup",
          "safe",
          "auto",
          "taxi",
          "night"
        ],
        "safety": "Staffed police kiosk and an ambulance bay on the same stretch.",
        "source": "synthetic-fill",
        "verified": null,
        "id": "tr-059"
      }
    },
    {
      "type": "Feature",
      "geometry": {
        "type": "Point",
        "coordinates": [
          88.39246,
          22.65012
        ]
      },
      "properties": {
        "name": "Belghoria Minibus Stand",
        "category": "transit",
        "locality": "Belghoria",
        "address": "84, Belghoria Station Road, Belghoria",
        "open": "20:00",
        "close": "06:00",
        "hours": "20:00 - 06:00 daily",
        "tags": [
          "belghoria",
          "feeder road",
          "transit",
          "pickup",
          "safe",
          "auto",
          "taxi",
          "night"
        ],
        "safety": "Guarded gate with floodlights; the security desk keeps a cab log.",
        "source": "synthetic-fill",
        "verified": null,
        "id": "tr-060"
      }
    },
    {
      "type": "Feature",
      "geometry": {
        "type": "Point",
        "coordinates": [
          88.38757,
          22.66745
        ]
      },
      "properties": {
        "name": "Nimta Tram Depot Pickup",
        "category": "transit",
        "locality": "Nimta",
        "address": "146, Nimta Road, Nimta",
        "open": "20:00",
        "close": "06:00",
        "hours": "20:00 - 06:00 daily",
        "tags": [
          "nimta",
          "nimta road",
          "transit",
          "pickup",
          "safe",
          "auto",
          "taxi",
          "night"
        ],
        "safety": "Auto drivers wait along the kerb - agree the fare before getting in.",
        "source": "synthetic-fill",
        "verified": null,
        "id": "tr-061"
      }
    },
    {
      "type": "Feature",
      "geometry": {
        "type": "Point",
        "coordinates": [
          88.36927,
          22.68924
        ]
      },
      "properties": {
        "name": "Panihati Police Kiosk Pickup Point",
        "category": "transit",
        "locality": "Panihati",
        "address": "174, Ghosh Para Road, Panihati",
        "hours": "Open 24 hours",
        "tags": [
          "panihati",
          "ghosh para road",
          "transit",
          "pickup",
          "safe",
          "auto",
          "taxi",
          "night"
        ],
        "safety": "Share the vehicle number with someone before you get in.",
        "source": "synthetic-fill",
        "verified": null,
        "id": "tr-062",
        "always": true,
        "nightGuaranteed": true
      }
    },
    {
      "type": "Feature",
      "geometry": {
        "type": "Point",
        "coordinates": [
          88.37751,
          22.70116
        ]
      },
      "properties": {
        "name": "Khardah Bus Terminus",
        "category": "transit",
        "locality": "Khardah",
        "address": "77, Khardah Station Road, Khardah",
        "open": "05:30",
        "close": "22:45",
        "hours": "05:30 - 22:45 daily",
        "tags": [
          "khardah",
          "b. t. road",
          "transit",
          "pickup",
          "safe",
          "auto",
          "taxi",
          "night"
        ],
        "notes": "Cabs are easiest to find between 2 AM and 4 AM, when the shifts change.",
        "safety": "Street lamps on all arms of the crossing; still busy at 3 AM.",
        "source": "synthetic-fill",
        "verified": null,
        "id": "tr-063"
      }
    },
    {
      "type": "Feature",
      "geometry": {
        "type": "Point",
        "coordinates": [
          88.43477,
          22.57124
        ]
      },
      "properties": {
        "name": "Salt Lake Sector V Crossing Night Auto Stand",
        "category": "transit",
        "locality": "Salt Lake Sector V",
        "address": "37/1, Sector V Road, Salt Lake Sector V",
        "open": "20:00",
        "close": "06:00",
        "hours": "20:00 - 06:00 daily",
        "tags": [
          "salt lake sector v",
          "sector v road",
          "transit",
          "pickup",
          "safe",
          "auto",
          "taxi",
          "night"
        ],
        "safety": "Staffed police kiosk and an ambulance bay on the same stretch.",
        "source": "synthetic-fill",
        "verified": null,
        "id": "tr-064"
      }
    },
    {
      "type": "Feature",
      "geometry": {
        "type": "Point",
        "coordinates": [
          88.34048,
          22.58113
        ]
      },
      "properties": {
        "name": "Howrah Station App Cab Pickup Bay",
        "category": "transit",
        "locality": "Howrah Station",
        "address": "180, Old Complex Road, Howrah Station",
        "always": true,
        "hours": "Open 24 hours",
        "tags": [
          "howrah station",
          "station road",
          "transit",
          "pickup",
          "safe",
          "auto",
          "taxi",
          "night"
        ],
        "safety": "Street lamps on all arms of the crossing; still busy at 3 AM.",
        "source": "synthetic-fill",
        "verified": null,
        "id": "tr-065"
      }
    },
    {
      "type": "Feature",
      "geometry": {
        "type": "Point",
        "coordinates": [
          88.31976,
          22.57417
        ]
      },
      "properties": {
        "name": "Shibpur Minibus Stand",
        "category": "transit",
        "locality": "Shibpur",
        "address": "119, College Road, Shibpur",
        "always": true,
        "hours": "Open 24 hours",
        "tags": [
          "shibpur",
          "grand trunk road",
          "transit",
          "pickup",
          "safe",
          "auto",
          "taxi",
          "night"
        ],
        "safety": "Street lamps on all arms of the crossing; still busy at 3 AM.",
        "source": "synthetic-fill",
        "verified": null,
        "id": "tr-066"
      }
    },
    {
      "type": "Feature",
      "geometry": {
        "type": "Point",
        "coordinates": [
          88.33737,
          22.5978
        ]
      },
      "properties": {
        "name": "Salkia Minibus Stand",
        "category": "transit",
        "locality": "Salkia",
        "address": "20/8, Golabari Road, Salkia",
        "open": "05:00",
        "close": "23:30",
        "hours": "05:00 - 23:30 daily",
        "tags": [
          "salkia",
          "golabari road",
          "transit",
          "pickup",
          "safe",
          "auto",
          "taxi",
          "night"
        ],
        "safety": "Share the vehicle number with someone before you get in.",
        "source": "synthetic-fill",
        "verified": null,
        "id": "tr-067"
      }
    },
    {
      "type": "Feature",
      "geometry": {
        "type": "Point",
        "coordinates": [
          88.33836,
          22.62682
        ]
      },
      "properties": {
        "name": "Liluah Crossing Night Auto Stand",
        "category": "transit",
        "locality": "Liluah",
        "address": "83A, Bhattanagar Road, Liluah",
        "always": true,
        "hours": "Open 24 hours",
        "tags": [
          "liluah",
          "liluah station road",
          "transit",
          "pickup",
          "safe",
          "auto",
          "taxi",
          "night"
        ],
        "notes": "Metro shuts around 22:45; the roadside cab point thins out well before midnight.",
        "safety": "Street lamps on all arms of the crossing; still busy at 3 AM.",
        "source": "synthetic-fill",
        "verified": null,
        "id": "tr-068"
      }
    },
    {
      "type": "Feature",
      "geometry": {
        "type": "Point",
        "coordinates": [
          88.34936,
          22.63674
        ]
      },
      "properties": {
        "name": "Belur Auto Stand",
        "category": "transit",
        "locality": "Belur",
        "address": "40/7, Grand Trunk Road, Belur",
        "always": true,
        "hours": "Open 24 hours",
        "tags": [
          "belur",
          "bally road",
          "transit",
          "pickup",
          "safe",
          "auto",
          "taxi",
          "night"
        ],
        "notes": "Night buses leave from the lit island platform.",
        "safety": "Street lamps on all arms of the crossing; still busy at 3 AM.",
        "source": "synthetic-fill",
        "verified": null,
        "id": "tr-069"
      }
    },
    {
      "type": "Feature",
      "geometry": {
        "type": "Point",
        "coordinates": [
          88.32921,
          22.60961
        ]
      },
      "properties": {
        "name": "Bhattanagar Minibus Stand",
        "category": "transit",
        "locality": "Bhattanagar",
        "address": "150, Liluah Road, Bhattanagar",
        "open": "04:30",
        "close": "23:00",
        "hours": "04:30 - 23:00 daily",
        "tags": [
          "bhattanagar",
          "bhattanagar road",
          "transit",
          "pickup",
          "safe",
          "auto",
          "taxi",
          "night"
        ],
        "safety": "Street lamps on all arms of the crossing; still busy at 3 AM.",
        "source": "synthetic-fill",
        "verified": null,
        "id": "tr-070"
      }
    },
    {
      "type": "Feature",
      "geometry": {
        "type": "Point",
        "coordinates": [
          88.28167,
          22.58468
        ]
      },
      "properties": {
        "name": "Andul Police Kiosk Pickup Point",
        "category": "transit",
        "locality": "Andul",
        "address": "49, Grand Trunk Road, Andul",
        "always": true,
        "hours": "Open 24 hours",
        "tags": [
          "andul",
          "kona expressway",
          "transit",
          "pickup",
          "safe",
          "auto",
          "taxi",
          "night"
        ],
        "notes": "Cabs are easiest to find between 2 AM and 4 AM, when the shifts change.",
        "safety": "Share the vehicle number with someone before you get in.",
        "source": "synthetic-fill",
        "verified": null,
        "id": "tr-071"
      }
    }
  ]
}
